,ticker_fpt,ticker_cophieu68
0,A32,A32
1,AAA,AAA
2,AAM,AAM
3,AAS,AAS
4,AAT,AAT
5,AAV,AAV
6,ABB,ABB
7,ABC,ABC
8,ABI,ABI
9,ABR,ABR
10,ABS,ABS
11,ABT,ABT
12,ACB,AC4
13,ACC,ACB
14,ACE,ACC
15,ACG,ACE
16,ACL,ACG
17,ACM,ACL
18,ACS,ACM
19,ACV,ACS
20,ADC,ACV
21,ADG,ADC
22,ADP,ADG
23,ADS,ADP
24,AFX,ADS
25,AG1,AFX
26,AGE,AG1
27,AGF,AGF
28,AGG,AGG
29,AGM,AGM
30,AGP,AGP
31,AGR,AGR
32,AGX,AGX
33,AIC,AIC
34,ALT,ALT
35,ALV,ALV
36,AMC,AMC
37,AMD,AMD
38,AME,AME
39,AMP,AMP
40,AMS,AMS
41,AMV,AMV
42,ANT,ANT
43,ANV,ANV
44,APC,APC
45,APF,APF
46,APG,APG
47,APH,APH
48,API,API
49,APL,APL
50,APP,APP
51,APS,APS
52,APT,APT
53,ARM,AQN
54,ART,ARM
55,ASA,ART
56,ASG,ASA
57,ASM,ASD
58,ASP,ASG
59,AST,ASM
60,ATA,ASP
61,ATB,AST
62,ATG,ATA
63,ATS,ATB
64,AUM,ATD
65,AVC,ATG
66,AVF,ATS
67,B82,AUM
68,BAB,AVC
69,BAF,AVF
70,BAL,B82
71,BAX,BAB
72,BBC,BAF
73,BBH,BAL
74,BBM,BAX
75,BBS,BBC
76,BBT,BBH
77,BCA,BBM
78,BCB,BBS
79,BCC,BBT
80,BCE,BCA
81,BCF,BCB
82,BCG,BCC
83,BCM,BCE
84,BCP,BCF
85,BCV,BCG
86,BDB,BCM
87,BDG,BCP
88,BDT,BCV
89,BDW,BDB
90,BED,BDG
91,BEL,BDT
92,BFC,BDW
93,BGW,BED
94,BHA,BEL
95,BHC,BFC
96,BHG,BGW
97,BHK,BHA
98,BHN,BHC
99,BHP,BHG
100,BHT,BHK
101,BIC,BHN
102,BID,BHP
103,BIG,BHT
104,BII,BIC
105,BIO,BID
106,BKC,BIG
107,BKG,BII
108,BKH,BIO
109,BLF,BKC
110,BLI,BKG
111,BLN,BKH
112,BLT,BLF
113,BLW,BLI
114,BMC,BLN
115,BMD,BLT
116,BMF,BLU
117,BMG,BLW
118,BMI,BMC
119,BMJ,BMD
120,BMN,BMF
121,BMP,BMG
122,BMS,BMI
123,BMV,BMJ
124,BNA,BMN
125,BNW,BMP
126,BOT,BMS
127,BPC,BMV
128,BQB,BNA
129,BRC,BNW
130,BRR,BOT
131,BRS,BPC
132,BSA,BPW
133,BSC,BQB
134,BSD,BRC
135,BSG,BRR
136,BSH,BRS
137,BSI,BSA
138,BSL,BSC
139,BSP,BSD
140,BSQ,BSG
141,BSR,BSH
142,BST,BSI
143,BT1,BSL
144,BT6,BSP
145,BTB,BSQ
146,BTD,BSR
147,BTG,BST
148,BTH,BT1
149,BTN,BT6
150,BTP,BTB
151,BTS,BTD
152,BTT,BTG
153,BTU,BTH
154,BTV,BTN
155,BTW,BTP
156,BVB,BTR
157,BVG,BTS
158,BVH,BTT
159,BVL,BTU
160,BVN,BTV
161,BVS,BTW
162,BWA,BUD
163,BWE,BVB
164,BWS,BVG
165,BXH,BVH
166,C12,BVL
167,C21,BVN
168,C22,BVS
169,C32,BWA
170,C47,BWE
171,C4G,BWS
172,C69,BXH
173,C92,BXT
174,CAB,C12
175,CAD,C21
176,CAG,C22
177,CAN,C32
178,CAP,C36
179,CAR,C47
180,CAT,C4G
181,CAV,C69
182,CBI,C71
183,CBS,C92
184,CC1,CAB
185,CC4,CAD
186,CCA,CAG
187,CCI,CAM
188,CCL,CAN
189,CCM,CAP
190,CCP,CAT
191,CCR,CAV
192,CCT,CBC
193,CCV,CBI
194,CDC,CBS
195,CDG,CC1
196,CDH,CC4
197,CDN,CCA
198,CDO,CCH
199,CDP,CCI
200,CDR,CCL
201,CE1,CCM
202,CEG,CCP
203,CEN,CCR
204,CEO,CCT
205,CET,CCV
206,CFM,CDC
207,CFV,CDG
208,CGV,CDH
209,CH5,CDN
210,CHC,CDO
211,CHP,CDP
212,CHS,CDR
213,CI5,CE1
214,CIA,CEC
215,CID,CEE
216,CIG,CEG
217,CII,CEN
218,CIP,CEO
219,CJC,CET
220,CKA,CFC
221,CKD,CFM
222,CKG,CFV
223,CKV,CGL
224,CLC,CGV
225,CLG,CH5
226,CLH,CHC
227,CLL,CHP
228,CLM,CHS
229,CLW,CI5
230,CLX,CIA
231,CMC,CID
232,CMD,CIG
233,CMF,CII
234,CMG,CIP
235,CMI,CJC
236,CMK,CKA
237,CMN,CKD
238,CMP,CKG
239,CMS,CKH
240,CMT,CKV
241,CMV,CLC
242,CMW,CLG
243,CMX,CLH
244,CNA,CLL
245,CNC,CLM
246,CNG,CLW
247,CNN,CLX
248,CNT,CMC
249,COM,CMD
250,CPA,CMF
251,CPC,CMG
252,CPH,CMI
253,CPI,CMK
254,CQN,CMN
255,CQT,CMP
256,CRC,CMS
257,CRE,CMT
258,CSC,CMV
259,CSI,CMW
260,CSM,CMX
261,CST,CNA
262,CSV,CNC
263,CT3,CNG
264,CT6,CNN
265,CTA,CNT
266,CTB,COM
267,CTC,CPA
268,CTD,CPC
269,CTF,CPH
270,CTG,CPI
271,CTI,CPW
272,CTN,CQN
273,CTP,CQT
274,CTR,CRC
275,CTS,CRE
276,CTT,CSC
277,CTW,CSI
278,CTX,CSM
279,CVN,CST
280,CVP,CSV
281,CVT,CT3
282,CX8,CT5
283,CYC,CT6
284,D11,CTA
285,D2D,CTB
286,DAC,CTC
287,DAD,CTD
288,DAE,CTF
289,DAG,CTG
290,DAH,CTI
291,DAN,CTN
292,DAS,CTP
293,DAT,CTR
294,DBC,CTS
295,DBD,CTT
296,DBM,CTW
297,DBT,CTX
298,DBW,CVH
299,DC1,CVN
300,DC2,CVT
301,DC4,CX8
302,DCF,CXH
303,DCG,CYC
304,DCH,D11
305,DCL,D2D
306,DCM,DAC
307,DCR,DAD
308,DCS,DAE
309,DCT,DAG
310,DDG,DAH
311,DDH,DAN
312,DDM,DAP
313,DDN,DAR
314,DDV,DAS
315,DFC,DAT
316,DFF,DBC
317,DGC,DBD
318,DGT,DBH
319,DGW,DBM
320,DHA,DBT
321,DHB,DBW
322,DHC,DC1
323,DHD,DC2
324,DHG,DC4
325,DHM,DCF
326,DHN,DCG
327,DHP,DCH
328,DHT,DCI
329,DIC,DCL
330,DID,DCM
331,DIG,DCR
332,DIH,DCS
333,DKC,DCT
334,DL1,DDG
335,DLD,DDH
336,DLG,DDM
337,DLR,DDN
338,DLT,DDV
339,DM7,DFC
340,DMC,DFF
341,DMN,DGC
342,DNA,DGT
343,DNC,DGW
344,DND,DHA
345,DNE,DHB
346,DNH,DHC
347,DNL,DHD
348,DNM,DHG
349,DNN,DHM
350,DNP,DHN
351,DNT,DHP
352,DNW,DHT
353,DOC,DIC
354,DOP,DID
355,DP1,DIG
356,DP2,DIH
357,DP3,DKC
358,DPC,DKH
359,DPD,DL1
360,DPG,DLD
361,DPH,DLG
362,DPM,DLR
363,DPP,DLT
364,DPR,DM7
365,DPS,DMC
366,DQC,DMN
367,DRC,DNA
368,DRG,DNB
369,DRH,DNC
370,DRI,DND
371,DRL,DNE
372,DS3,DNH
373,DSC,DNL
374,DSD,DNM
375,DSG,DNN
376,DSN,DNP
377,DSP,DNR
378,DST,DNS
379,DSV,DNT
380,DTA,DNW
381,DTB,DNY
382,DTC,DOC
383,DTD,DOP
384,DTE,DP1
385,DTG,DP2
386,DTH,DP3
387,DTI,DPC
388,DTK,DPD
389,DTL,DPG
390,DTP,DPH
391,DTT,DPM
392,DTV,DPP
393,DUS,DPR
394,DVC,DPS
395,DVG,DQC
396,DVM,DRC
397,DVN,DRG
398,DVP,DRH
399,DVW,DRI
400,DWC,DRL
401,DWS,DS3
402,DXG,DSC
403,DXL,DSG
404,DXP,DSN
405,DXS,DSP
406,DXV,DSS
407,DZM,DST
408,E12,DSV
409,E29,DT4
410,EBS,DTA
411,ECI,DTB
412,EFI,DTC
413,EIB,DTD
414,EIC,DTE
415,EID,DTG
416,EIN,DTI
417,ELC,DTK
418,EMC,DTL
419,EME,DTP
420,EMG,DTT
421,EMS,DTV
422,EPC,DUS
423,EPH,DVC
424,EVE,DVG
425,EVF,DVN
426,EVG,DVP
427,EVS,DVW
428,FBA,DWC
429,FBC,DWS
430,FCC,DX2
431,FCM,DXD
432,FCN,DXG
433,FCS,DXL
434,FDC,DXP
435,FGL,DXS
436,FHN,DXV
437,FHS,DZM
438,FIC,E12
439,FID,E29
440,FIR,EAD
441,FIT,EBA
442,FLC,EBS
443,FMC,ECI
444,FOC,EFI
445,FOX,EIB
446,FPT,EIC
447,FRC,EID
448,FRM,EIN
449,FRT,ELC
450,FSO,EMC
451,FT1,EME
452,FTI,EMG
453,FTM,EMS
454,FTS,EPC
455,G20,EPH
456,G36,EVE
457,GAB,EVF
458,GAS,EVG
459,GCB,EVS
460,GDT,FBA
461,GDW,FBC
462,GE2,FCC
463,GEE,FCM
464,GEG,FCN
465,GER,FCS
466,GEX,FDC
467,GGG,FDG
468,GH3,FGL
469,GHC,FHN
470,GIC,FHS
471,GIL,FIC
472,GKM,FID
473,GLC,FIR
474,GLT,FIT
475,GLW,FLC
476,GMA,FMC
477,GMC,FOC
478,GMD,FOX
479,GMH,FPT
480,GMX,FRC
481,GND,FRM
482,GSM,FRT
483,GSP,FSO
484,GTA,FT1
485,GTD,FTI
486,GTH,FTM
487,GTS,FTS
488,GTT,G20
489,GVR,G36
490,GVT,GAB
491,H11,GAS
492,HAC,GCB
493,HAD,GDT
494,HAF,GDW
495,HAG,GE2
496,HAH,GEE
497,HAI,GEG
498,HAM,GER
499,HAN,GEX
500,HAP,GGG
501,HAR,GH3
502,HAS,GHC
503,HAT,GIC
504,HAV,GIL
505,HAX,GKM
506,HBC,GLC
507,HBD,GLT
508,HBH,GLW
509,HBS,GMA
510,HC1,GMC
511,HC3,GMD
512,HCB,GMX
513,HCC,GND
514,HCD,GQN
515,HCI,GSM
516,HCM,GSP
517,HCT,GTA
518,HD2,GTD
519,HD6,GTH
520,HD8,GTK
521,HDA,GTN
522,HDB,GTS
523,HDC,GTT
524,HDG,GVR
525,HDM,GVT
526,HDO,H11
527,HDP,HAB
528,HDW,HAC
529,HEC,HAD
530,HEJ,HAF
531,HEM,HAG
532,HEP,HAH
533,HES,HAI
534,HEV,HAM
535,HFB,HAN
536,HFC,HAP
537,HFX,HAR
538,HGM,HAS
539,HGT,HAT
540,HGW,HAV
541,HHC,HAW
542,HHG,HAX
543,HHN,HBC
544,HHP,HBD
545,HHR,HBE
546,HHS,HBH
547,HHV,HBS
548,HID,HBW
549,HIG,HC1
550,HII,HC3
551,HJC,HCB
552,HJS,HCC
553,HKB,HCD
554,HKP,HCI
555,HKT,HCM
556,HLA,HCS
557,HLB,HCT
558,HLC,HD2
559,HLD,HD6
560,HLG,HD8
561,HLR,HDA
562,HLS,HDB
563,HLT,HDC
564,HLY,HDG
565,HMC,HDM
566,HMG,HDO
567,HMH,HDP
568,HMR,HDW
569,HMS,HEC
570,HNA,HEJ
571,HNB,HEM
572,HND,HEP
573,HNF,HES
574,HNG,HEV
575,HNI,HFB
576,HNM,HFC
577,HNP,HFS
578,HNR,HFX
579,HOM,HGA
580,HOT,HGC
581,HPB,HGM
582,HPD,HGR
583,HPG,HGT
584,HPH,HGW
585,HPI,HHC
586,HPM,HHG
587,HPP,HHN
588,HPT,HHP
589,HPW,HHR
590,HPX,HHS
591,HQC,HHV
592,HRB,HID
593,HRC,HIG
594,HRT,HII
595,HSA,HIZ
596,HSG,HJC
597,HSI,HJS
598,HSL,HKB
599,HSM,HKC
600,HSP,HKP
601,HSV,HKT
602,HT1,HLA
603,HTC,HLB
604,HTE,HLC
605,HTG,HLD
606,HTH,HLE
607,HTI,HLG
608,HTL,HLR
609,HTM,HLS
610,HTN,HLT
611,HTP,HLY
612,HTR,HMC
613,HTT,HMG
614,HTV,HMH
615,HTW,HMS
616,HU1,HNA
617,HU3,HNB
618,HU4,HND
619,HU6,HNE
620,HUB,HNF
621,HUG,HNG
622,HUT,HNI
623,HVA,HNM
624,HVG,HNP
625,HVH,HNR
626,HVN,HNT
627,HVT,HOM
628,HVX,HOT
629,HWS,HPB
630,IBC,HPD
631,IBD,HPG
632,IBN,HPH
633,ICC,HPI
634,ICF,HPM
635,ICG,HPP
636,ICI,HPT
637,ICN,HPU
638,ICT,HPW
639,IDC,HPX
640,IDI,HQC
641,IDJ,HRB
642,IDP,HRC
643,IDV,HRT
644,IFS,HSA
645,IHK,HSG
646,IJC,HSI
647,ILA,HSL
648,ILB,HSM
649,ILC,HSP
650,ILS,HSV
651,IME,HT1
652,IMP,HTC
653,IN4,HTE
654,INC,HTG
655,INN,HTH
656,IPA,HTI
657,IRC,HTK
658,ISG,HTL
659,ISH,HTM
660,IST,HTN
661,ITA,HTP
662,ITC,HTR
663,ITD,HTT
664,ITQ,HTU
665,ITS,HTV
666,IVS,HTW
667,JOS,HU1
668,JVC,HU3
669,KAC,HU4
670,KBC,HU6
671,KCB,HUB
672,KCE,HUG
673,KDC,HUT
674,KDH,HUX
675,KDM,HVA
676,KGM,HVG
677,KHA,HVH
678,KHB,HVN
679,KHD,HVT
680,KHG,HVX
681,KHL,HWS
682,KHP,I10
683,KHS,IBC
684,KHW,IBD
685,KIP,IBN
686,KKC,ICC
687,KLB,ICF
688,KLF,ICG
689,KLM,ICI
690,KMR,ICN
691,KMT,ICT
692,KOS,IDC
693,KPF,IDI
694,KSB,IDJ
695,KSD,IDP
696,KSF,IDV
697,KSH,IFC
698,KSQ,IFS
699,KST,IHK
700,KSV,IJC
701,KTC,IKH
702,KTL,ILA
703,KTS,ILB
704,KTT,ILC
705,KVC,ILS
706,L10,IME
707,L12,IMP
708,L14,IN4
709,L18,INC
710,L35,INN
711,L40,IPA
712,L43,IPH
713,L44,IRC
714,L45,ISG
715,L61,ISH
716,L62,IST
717,L63,ITA
718,LAF,ITC
719,LAI,ITD
720,LAS,ITQ
721,LAW,ITS
722,LBC,IVS
723,LBE,JOS
724,LBM,JVC
725,LCC,KAC
726,LCD,KBC
727,LCG,KBE
728,LCM,KCB
729,LCS,KCE
730,LCW,KDC
731,LDG,KDH
732,LDP,KDM
733,LDW,KGM
734,LEC,KHA
735,LG9,KHB
736,LGC,KHD
737,LGL,KHG
738,LGM,KHL
739,LHC,KHP
740,LHG,KHS
741,LIC,KHW
742,LIG,KIP
743,LIX,KKC
744,LKW,KLB
745,LLM,KLF
746,LM3,KLM
747,LM7,KMR
748,LM8,KMT
749,LMC,KOS
750,LMH,KPF
751,LMI,KSB
752,LNC,KSD
753,LO5,KSE
754,LPB,KSF
755,LPT,KSH
756,LQN,KSK
757,LSG,KSQ
758,LSS,KST
759,LTC,KSV
760,LTG,KTB
761,LUT,KTC
762,LWS,KTL
763,LYF,KTS
764,M10,KTT
765,MA1,KVC
766,MAC,L10
767,MAS,L12
768,MBB,L14
769,MBG,L18
770,MBN,L35
771,MBS,L40
772,MCC,L43
773,MCF,L44
774,MCG,L45
775,MCH,L61
776,MCI,L62
777,MCM,L63
778,MCO,LAF
779,MCP,LAI
780,MDA,LAS
781,MDC,LAW
782,MDF,LBC
783,MDG,LBE
784,MEC,LBM
785,MED,LCC
786,MEF,LCD
787,MEL,LCG
788,MES,LCM
789,MFS,LCS
790,MGC,LCW
791,MGG,LDG
792,MGR,LDP
793,MH3,LDW
794,MHC,LEC
795,MHL,LG9
796,MIC,LGC
797,MIE,LGL
798,MIG,LGM
799,MIM,LHC
800,MKP,LHG
801,MKV,LIC
802,MLC,LIG
803,MLS,LIX
804,MML,LKW
805,MNB,LLM
806,MND,LM3
807,MPC,LM7
808,MPT,LM8
809,MPY,LMC
810,MQB,LMH
811,MQN,LMI
812,MRF,LNC
813,MSB,LO5
814,MSH,LPB
815,MSN,LPT
816,MSR,LQN
817,MST,LSS
818,MTA,LTC
819,MTB,LTG
820,MTC,LUT
821,MTG,LWS
822,MTH,LYF
823,MTL,M10
824,MTP,MA1
825,MTS,MAC
826,MTV,MAS
827,MVB,MBB
828,MVC,MBG
829,MVN,MBN
830,MWG,MBS
831,NAB,MC3
832,NAC,MCC
833,NAF,MCF
834,NAG,MCG
835,NAP,MCH
836,NAS,MCI
837,NAU,MCM
838,NAV,MCO
839,NAW,MCP
840,NBB,MCT
841,NBC,MDA
842,NBE,MDC
843,NBP,MDF
844,NBT,MDG
845,NBW,MEC
846,NCS,MED
847,NCT,MEF
848,ND2,MEG
849,NDC,MEL
850,NDF,MES
851,NDN,MFS
852,NDP,MGC
853,NDT,MGG
854,NDW,MH3
855,NDX,MHC
856,NED,MHL
857,NET,MHP
858,NFC,MHY
859,NGC,MIC
860,NHA,MIE
861,NHC,MIG
862,NHH,MIM
863,NHP,MKP
864,NHT,MKV
865,NHV,MLC
866,NJC,MLS
867,NKG,MML
868,NLG,MNB
869,NLS,MND
870,NNC,MPC
871,NNG,MPT
872,NNT,MPY
873,NOS,MQB
874,NQB,MQN
875,NQN,MRF
876,NQT,MSB
877,NRC,MSH
878,NS2,MSN
879,NSC,MSR
880,NSG,MST
881,NSH,MTA
882,NSL,MTB
883,NSS,MTC
884,NST,MTG
885,NT2,MTH
886,NTB,MTL
887,NTC,MTM
888,NTF,MTP
889,NTH,MTS
890,NTL,MTV
891,NTP,MVB
892,NTT,MVC
893,NTW,MVN
894,NUE,MVY
895,NVB,MWG
896,NVL,MXC
897,NVP,NAB
898,NVT,NAC
899,NWT,NAF
900,NXT,NAG
901,OCB,NAP
902,OCH,NAS
903,ODE,NAU
904,OGC,NAV
905,OIL,NAW
906,ONE,NBB
907,ONW,NBC
908,OPC,NBE
909,ORS,NBP
910,PAC,NBR
911,PAI,NBT
912,PAN,NBW
913,PAP,NCP
914,PAS,NCS
915,PAT,NCT
916,PBC,ND2
917,PBP,NDC
918,PBT,NDF
919,PC1,NDN
920,PCC,NDP
921,PCE,NDT
922,PCF,NDW
923,PCG,NDX
924,PCH,NED
925,PCM,NET
926,PCN,NFC
927,PCT,NGC
928,PDB,NHA
929,PDC,NHC
930,PDN,NHH
931,PDR,NHP
932,PDV,NHT
933,PEC,NHV
934,PEG,NJC
935,PEN,NKG
936,PEQ,NLG
937,PET,NLS
938,PFL,NMK
939,PGB,NNB
940,PGC,NNC
941,PGD,NNG
942,PGI,NNQ
943,PGN,NNT
944,PGS,NOS
945,PGT,NQB
946,PGV,NQN
947,PHC,NQT
948,PHH,NRC
949,PHN,NS2
950,PHP,NS3
951,PHR,NSC
952,PHS,NSG
953,PIA,NSH
954,PIC,NSL
955,PID,NSS
956,PIS,NST
957,PIT,NT2
958,PIV,NTB
959,PJC,NTC
960,PJS,NTF
961,PJT,NTH
962,PLA,NTL
963,PLC,NTP
964,PLE,NTR
965,PLO,NTT
966,PLP,NTW
967,PLX,NUE
968,PMB,NVB
969,PMC,NVL
970,PMG,NVP
971,PMJ,NVT
972,PMP,NWT
973,PMS,NXT
974,PMT,OCB
975,PMW,OCH
976,PNC,ODE
977,PND,OGC
978,PNG,OIL
979,PNJ,ONE
980,PNP,ONW
981,PNT,OPC
982,POB,ORS
983,POM,PAC
984,POS,PAI
985,POT,PAN
986,POV,PAP
987,POW,PAS
988,PPC,PBC
989,PPE,PBP
990,PPH,PBT
991,PPI,PC1
992,PPP,PCC
993,PPS,PCE
994,PPT,PCF
995,PPY,PCG
996,PQN,PCM
997,PRC,PCN
998,PRE,PCT
999,PRO,PDB
1000,PRT,PDC
1001,PSB,PDN
1002,PSC,PDR
1003,PSD,PDT
1004,PSE,PDV
1005,PSG,PEC
1006,PSH,PEG
1007,PSI,PEN
1008,PSL,PEQ
1009,PSN,PET
1010,PSP,PFL
1011,PSW,PGB
1012,PTB,PGC
1013,PTC,PGD
1014,PTD,PGI
1015,PTE,PGN
1016,PTG,PGS
1017,PTH,PGT
1018,PTI,PGV
1019,PTL,PHC
1020,PTO,PHH
1021,PTP,PHN
1022,PTS,PHP
1023,PTT,PHR
1024,PTV,PHS
1025,PTX,PIA
1026,PV2,PIC
1027,PVA,PID
1028,PVB,PIS
1029,PVC,PIT
1030,PVD,PIV
1031,PVE,PJC
1032,PVG,PJS
1033,PVH,PJT
1034,PVI,PKR
1035,PVL,PLA
1036,PVM,PLC
1037,PVO,PLE
1038,PVP,PLO
1039,PVR,PLP
1040,PVS,PLX
1041,PVT,PMB
1042,PVV,PMC
1043,PVX,PME
1044,PVY,PMG
1045,PWA,PMJ
1046,PWS,PMP
1047,PX1,PMS
1048,PXA,PMT
1049,PXC,PMW
1050,PXI,PNC
1051,PXL,PND
1052,PXM,PNG
1053,PXS,PNJ
1054,PXT,PNP
1055,QBS,PNT
1056,QCC,POB
1057,QCG,POM
1058,QHD,POS
1059,QHW,POT
1060,QLD,POV
1061,QLT,POW
1062,QNC,PPC
1063,QNS,PPE
1064,QNT,PPH
1065,QNU,PPI
1066,QNW,PPP
1067,QPH,PPS
1068,QSP,PPY
1069,QST,PQN
1070,QTC,PRC
1071,QTP,PRE
1072,RAL,PRO
1073,RAT,PRT
1074,RBC,PSB
1075,RCC,PSC
1076,RCD,PSD
1077,RCL,PSE
1078,RDP,PSG
1079,REE,PSH
1080,RGC,PSI
1081,RIC,PSL
1082,ROS,PSN
1083,RTB,PSP
1084,S12,PSW
1085,S27,PTB
1086,S4A,PTC
1087,S55,PTD
1088,S72,PTE
1089,S74,PTG
1090,S96,PTH
1091,S99,PTI
1092,SAB,PTK
1093,SAC,PTL
1094,SAF,PTO
1095,SAL,PTP
1096,SAM,PTS
1097,SAP,PTT
1098,SAS,PTV
1099,SAV,PTX
1100,SB1,PV2
1101,SBA,PVA
1102,SBD,PVB
1103,SBH,PVC
1104,SBL,PVD
1105,SBM,PVE
1106,SBR,PVG
1107,SBS,PVH
1108,SBT,PVI
1109,SBV,PVL
1110,SC5,PVM
1111,SCA,PVO
1112,SCC,PVP
1113,SCD,PVR
1114,SCG,PVS
1115,SCI,PVT
1116,SCJ,PVV
1117,SCL,PVX
1118,SCO,PVY
1119,SCR,PWA
1120,SCS,PWS
1121,SCV,PX1
1122,SCY,PXA
1123,SD1,PXC
1124,SD2,PXI
1125,SD3,PXL
1126,SD4,PXM
1127,SD5,PXS
1128,SD6,PXT
1129,SD7,PYU
1130,SD8,QBR
1131,SD9,QBS
1132,SDA,QCC
1133,SDB,QCG
1134,SDC,QHD
1135,SDD,QHW
1136,SDG,QLD
1137,SDJ,QLT
1138,SDK,QNC
1139,SDN,QNS
1140,SDP,QNT
1141,SDT,QNU
1142,SDU,QNW
1143,SDV,QPH
1144,SDX,QSP
1145,SDY,QST
1146,SEA,QTC
1147,SEB,QTP
1148,SED,RAL
1149,SEP,RAT
1150,SFC,RBC
1151,SFG,RCC
1152,SFI,RCD
1153,SFN,RCL
1154,SGB,RDP
1155,SGC,REE
1156,SGD,RGC
1157,SGH,RHN
1158,SGI,RIC
1159,SGN,RLC
1160,SGO,ROS
1161,SGP,RTB
1162,SGR,RTH
1163,SGS,RTS
1164,SGT,S12
1165,SHA,S27
1166,SHB,S4A
1167,SHC,S55
1168,SHE,S72
1169,SHG,S74
1170,SHI,S96
1171,SHN,S99
1172,SHP,SAB
1173,SHS,SAC
1174,SHX,SAF
1175,SIC,SAL
1176,SID,SAM
1177,SIG,SAP
1178,SII,SAS
1179,SIP,SAV
1180,SIV,SB1
1181,SJ1,SBA
1182,SJC,SBD
1183,SJD,SBH
1184,SJE,SBL
1185,SJF,SBM
1186,SJG,SBR
1187,SJM,SBS
1188,SJS,SBT
1189,SKG,SBV
1190,SKH,SC5
1191,SKN,SCA
1192,SKV,SCC
1193,SLS,SCD
1194,SMA,SCG
1195,SMB,SCI
1196,SMC,SCJ
1197,SMN,SCL
1198,SMT,SCO
1199,SNC,SCR
1200,SNZ,SCS
1201,SP2,SCV
1202,SPB,SCY
1203,SPC,SD1
1204,SPD,SD2
1205,SPH,SD3
1206,SPI,SD4
1207,SPM,SD5
1208,SPP,SD6
1209,SPV,SD7
1210,SQC,SD8
1211,SRA,SD9
1212,SRB,SDA
1213,SRC,SDB
1214,SRF,SDC
1215,SRT,SDD
1216,SSB,SDE
1217,SSC,SDG
1218,SSF,SDH
1219,SSG,SDJ
1220,SSH,SDK
1221,SSI,SDN
1222,SSM,SDP
1223,SSN,SDT
1224,ST8,SDU
1225,STB,SDV
1226,STC,SDX
1227,STG,SDY
1228,STH,SEA
1229,STK,SEB
1230,STL,SED
1231,STP,SEP
1232,STS,SFC
1233,STT,SFG
1234,STW,SFI
1235,SVC,SFN
1236,SVD,SGB
1237,SVG,SGC
1238,SVH,SGD
1239,SVI,SGH
1240,SVN,SGI
1241,SVT,SGN
1242,SWC,SGO
1243,SZB,SGP
1244,SZC,SGR
1245,SZE,SGS
1246,SZG,SGT
1247,SZL,SHA
1248,TA3,SHB
1249,TA6,SHC
1250,TA9,SHE
1251,TAG,SHG
1252,TAN,SHI
1253,TAR,SHN
1254,TAW,SHP
1255,TB8,SHS
1256,TBC,SHX
1257,TBD,SIC
1258,TBH,SID
1259,TBR,SIG
1260,TBT,SII
1261,TBX,SIP
1262,TC6,SIV
1263,TCB,SJ1
1264,TCD,SJC
1265,TCH,SJD
1266,TCI,SJE
1267,TCJ,SJF
1268,TCK,SJG
1269,TCL,SJM
1270,TCM,SJS
1271,TCO,SKG
1272,TCR,SKH
1273,TCT,SKN
1274,TCW,SKV
1275,TDB,SLS
1276,TDC,SMA
1277,TDF,SMB
1278,TDG,SMC
1279,TDH,SMN
1280,TDM,SMT
1281,TDN,SNC
1282,TDP,SNZ
1283,TDS,SON
1284,TDT,SOV
1285,TDW,SP2
1286,TED,SPA
1287,TEG,SPB
1288,TEL,SPC
1289,TET,SPD
1290,TFC,SPH
1291,TGG,SPI
1292,TGP,SPM
1293,TH1,SPP
1294,THB,SPV
1295,THD,SQC
1296,THG,SRA
1297,THI,SRB
1298,THN,SRC
1299,THP,SRF
1300,THS,SRT
1301,THT,SSB
1302,THU,SSC
1303,THW,SSF
1304,TID,SSG
1305,TIE,SSH
1306,TIG,SSI
1307,TIN,SSM
1308,TIP,SSN
1309,TIS,SSU
1310,TIX,ST8
1311,TJC,STB
1312,TKA,STC
1313,TKC,STG
1314,TKU,STH
1315,TL4,STK
1316,TLD,STL
1317,TLG,STP
1318,TLH,STS
1319,TLI,STT
1320,TLP,STU
1321,TLT,STV
1322,TMB,STW
1323,TMC,SUM
1324,TMG,SVC
1325,TMP,SVD
1326,TMS,SVG
1327,TMT,SVH
1328,TMW,SVI
1329,TMX,SVL
1330,TN1,SVN
1331,TNA,SVT
1332,TNB,SWC
1333,TNC,SZB
1334,TNG,SZC
1335,TNH,SZE
1336,TNI,SZG
1337,TNM,SZL
1338,TNP,T12
1339,TNS,TA3
1340,TNT,TA6
1341,TNW,TA9
1342,TOP,TAC
1343,TOS,TAG
1344,TOT,TAN
1345,TOW,TAP
1346,TPB,TAR
1347,TPC,TAW
1348,TPH,TB8
1349,TPP,TBC
1350,TPS,TBD
1351,TQN,TBH
1352,TQW,TBT
1353,TR1,TBX
1354,TRA,TC6
1355,TRC,TCB
1356,TRS,TCD
1357,TRT,TCH
1358,TS3,TCI
1359,TS4,TCJ
1360,TSB,TCK
1361,TSC,TCL
1362,TSD,TCM
1363,TSG,TCO
1364,TSJ,TCR
1365,TST,TCT
1366,TTA,TCW
1367,TTB,TDB
1368,TTC,TDC
1369,TTD,TDF
1370,TTE,TDG
1371,TTF,TDH
1372,TTG,TDM
1373,TTH,TDN
1374,TTL,TDP
1375,TTN,TDS
1376,TTP,TDT
1377,TTS,TDW
1378,TTT,TEC
1379,TTZ,TEG
1380,TUG,TEL
1381,TV1,TET
1382,TV2,TFC
1383,TV3,TGG
1384,TV4,TGP
1385,TV6,TH1
1386,TVA,THB
1387,TVB,THD
1388,TVC,THG
1389,TVD,THI
1390,TVG,THN
1391,TVH,THP
1392,TVM,THR
1393,TVN,THS
1394,TVP,THT
1395,TVS,THU
1396,TVT,THW
1397,TVW,TID
1398,TW3,TIE
1399,TXM,TIG
1400,TYA,TIN
1401,UCT,TIP
1402,UDC,TIS
1403,UDJ,TIX
1404,UDL,TJC
1405,UEM,TKA
1406,UIC,TKC
1407,UMC,TKG
1408,UNI,TKU
1409,UPC,TL4
1410,UPH,TLD
1411,USC,TLG
1412,USD,TLH
1413,V11,TLI
1414,V12,TLP
1415,V15,TLT
1416,V21,TMB
1417,VAB,TMC
1418,VAF,TMG
1419,VAT,TMP
1420,VAV,TMS
1421,VBB,TMT
1422,VBC,TMW
1423,VBG,TMX
1424,VBH,TN1
1425,VC1,TNA
1426,VC2,TNB
1427,VC3,TNC
1428,VC5,TNG
1429,VC6,TNH
1430,VC7,TNI
1431,VC9,TNM
1432,VCA,TNP
1433,VCB,TNS
1434,VCC,TNT
1435,VCE,TNW
1436,VCF,TOP
1437,VCG,TOS
1438,VCI,TOT
1439,VCM,TOW
1440,VCP,TPB
1441,VCR,TPC
1442,VCS,TPH
1443,VCT,TPP
1444,VCW,TPS
1445,VCX,TQN
1446,VDB,TQW
1447,VDL,TR1
1448,VDN,TRA
1449,VDP,TRC
1450,VDS,TRS
1451,VDT,TRT
1452,VE1,TS3
1453,VE2,TS4
1454,VE3,TS5
1455,VE4,TSB
1456,VE8,TSC
1457,VE9,TSD
1458,VEA,TSG
1459,VEC,TSJ
1460,VEF,TST
1461,VES,TTA
1462,VET,TTB
1463,VFC,TTC
1464,VFG,TTD
1465,VFR,TTE
1466,VFS,TTF
1467,VGC,TTG
1468,VGG,TTH
1469,VGI,TTL
1470,VGL,TTN
1471,VGP,TTP
1472,VGR,TTS
1473,VGS,TTT
1474,VGT,TTV
1475,VGV,TTZ
1476,VHC,TUG
1477,VHD,TV1
1478,VHE,TV2
1479,VHF,TV3
1480,VHG,TV4
1481,VHH,TV6
1482,VHL,TVA
1483,VHM,TVB
1484,VIB,TVC
1485,VIC,TVD
1486,VID,TVG
1487,VIE,TVH
1488,VIF,TVM
1489,VIG,TVN
1490,VIH,TVP
1491,VIM,TVS
1492,VIN,TVT
1493,VIP,TVU
1494,VIR,TVW
1495,VIT,TW3
1496,VIW,TXM
1497,VIX,TYA
1498,VJC,UCT
1499,VKC,UDC
1500,VKD,UDJ
1501,VKP,UDL
1502,VLA,UEM
1503,VLB,UIC
1504,VLC,UMC
1505,VLF,UNI
1506,VLG,UPC
1507,VLP,UPH
1508,VLW,USC
1509,VMA,USD
1510,VMC,V11
1511,VMD,V12
1512,VMG,V15
1513,VMI,V21
1514,VMS,VAB
1515,VNA,VAF
1516,VNB,VAT
1517,VNC,VAV
1518,VND,VBB
1519,VNE,VBC
1520,VNF,VBG
1521,VNG,VBH
1522,VNH,VC1
1523,VNI,VC2
1524,VNL,VC3
1525,VNM,VC5
1526,VNP,VC6
1527,VNR,VC7
1528,VNS,VC9
1529,VNT,VCA
1530,VNX,VCB
1531,VNY,VCC
1532,VOC,VCE
1533,VOS,VCF
1534,VPA,VCG
1535,VPB,VCI
1536,VPC,VCM
1537,VPD,VCP
1538,VPG,VCR
1539,VPH,VCS
1540,VPI,VCT
1541,VPR,VCW
1542,VPS,VCX
1543,VPW,VDB
1544,VQC,VDL
1545,VRC,VDM
1546,VRE,VDN
1547,VRG,VDP
1548,VSA,VDS
1549,VSC,VDT
1550,VSE,VE1
1551,VSF,VE2
1552,VSG,VE3
1553,VSH,VE4
1554,VSI,VE8
1555,VSM,VE9
1556,VSN,VEA
1557,VSP,VEC
1558,VST,VEF
1559,VTA,VES
1560,VTB,VET
1561,VTC,VFC
1562,VTD,VFG
1563,VTE,VFR
1564,VTG,VFS
1565,VTH,VGC
1566,VTI,VGG
1567,VTJ,VGI
1568,VTK,VGL
1569,VTL,VGP
1570,VTM,VGR
1571,VTO,VGS
1572,VTP,VGT
1573,VTQ,VGV
1574,VTR,VHC
1575,VTS,VHD
1576,VTV,VHE
1577,VTX,VHF
1578,VTZ,VHG
1579,VUA,VHH
1580,VVN,VHI
1581,VW3,VHL
1582,VWS,VHM
1583,VXB,VIB
1584,VXP,VIC
1585,VXT,VID
1586,WCS,VIE
1587,WSB,VIF
1588,WSS,VIG
1589,WTC,VIH
1590,X20,VIM
1591,X26,VIN
1592,X77,VIP
1593,XDH,VIR
1594,XHC,VIS
1595,XLV,VIT
1596,XMC,VIW
1597,XMD,VIX
1598,XMP,VJC
1599,XPH,VKC
1600,YBC,VKD
1601,YBM,VKP
1602,YEG,VLA
1603,YTC,VLB
1604,,VLC
1605,,VLF
1606,,VLG
1607,,VLP
1608,,VLW
1609,,VMA
1610,,VMC
1611,,VMD
1612,,VMG
1613,,VMI
1614,,VMS
1615,,VNA
1616,,VNB
1617,,VNC
1618,,VND
1619,,VNE
1620,,VNF
1621,,VNG
1622,,VNH
1623,,VNI
1624,,VNL
1625,,VNM
1626,,VNP
1627,,VNR
1628,,VNS
1629,,VNT
1630,,VNX
1631,,VNY
1632,,VOC
1633,,VOS
1634,,VPA
1635,,VPB
1636,,VPC
1637,,VPD
1638,,VPG
1639,,VPH
1640,,VPI
1641,,VPR
1642,,VPS
1643,,VPW
1644,,VQC
1645,,VRC
1646,,VRE
1647,,VRG
1648,,VSA
1649,,VSC
1650,,VSE
1651,,VSF
1652,,VSG
1653,,VSH
1654,,VSI
1655,,VSM
1656,,VSN
1657,,VSP
1658,,VST
1659,,VTA
1660,,VTB
1661,,VTC
1662,,VTD
1663,,VTE
1664,,VTG
1665,,VTH
1666,,VTI
1667,,VTJ
1668,,VTK
1669,,VTL
1670,,VTM
1671,,VTO
1672,,VTP
1673,,VTQ
1674,,VTR
1675,,VTS
1676,,VTV
1677,,VTX
1678,,VUA
1679,,VVN
1680,,VW3
1681,,VWS
1682,,VXB
1683,,VXP
1684,,VXT
1685,,WCS
1686,,WSB
1687,,WSS
1688,,WTC
1689,,X20
1690,,X26
1691,,X77
1692,,XDH
1693,,XHC
1694,,XLV
1695,,XMC
1696,,XMD
1697,,XMP
1698,,XPH
1699,,YBC
1700,,YBM
1701,,YEG
1702,,YRC
1703,,YTC
