company_id,ticker_id,code_id,ex,company_name
1987,A32,0,UP,Công ty Cổ phần 32 
856,AAA,0,HO,Công ty Cổ phần Nhựa An Phát Xanh
508,AAM,0,HO,Công ty Cổ phần Thuỷ sản Mekong
2335,AAS,0,UP,Công ty Cổ phần Chứng khoán SmartInvest
2061,AAT,0,HO,Công ty Cổ phần Tập đoàn Tiên Sơn Thanh Hóa 
1786,AAV,0,HA,Công ty Cổ phần AAV Group
376,ABB,0,UP,Ngân hàng Thương mại Cổ phần An Bình
1217,ABC,0,UP,Công ty cổ phần truyền thông VMG 
507,ABI,0,UP,Công ty Cổ phần Bảo hiểm Ngân hàng Nông nghiệp
1643,ABR,0,HO,Công ty Cổ phần Đầu tư Nhãn Hiệu Việt
2181,ABS,0,HO,Công ty Cổ phần Dịch vụ Nông nghiệp Bình Thuận
1,ABT,0,HO,Công ty Cổ phần Xuất nhập khẩu Thủy sản Bến Tre
2,ACB,0,HO,Ngân hàng Thương mại Cổ phần Á Châu
625,ACC,0,HO,Công ty Cổ phần Đầu tư và Xây dựng Bình Dương ACC
578,ACE,0,UP,Công ty Cổ phần Bê tông Ly tâm An Giang
2594,ACG,0,UP,Công ty Cổ phần Gỗ An Cường
220,ACL,0,HO,Công ty Cổ phần Xuất nhập khẩu Thủy sản Cửu Long An Giang.
1352,ACM,0,UP,Công ty Cổ phần Tập đoàn Khoáng sản Á Cường
1774,ACS,0,UP,Công ty Cổ phần Xây lắp Thương mại 2
1575,ACV,0,UP,Tổng Công ty Cảng hàng không Việt Nam - CTCP
984,ADC,0,HA,Công ty Cổ phần Mỹ thuật và Truyền Thông
2152,ADG,0,HO,Công ty Cổ phần Clever Group
679,ADP,0,UP,Công ty Cổ phần Sơn Á Đông 
1487,ADS,0,HO,Công ty Cổ phần Damsan
1557,AFX,0,UP,Công ty Cổ phần Xuất nhập khẩu Nông sản Thực phẩm An Giang 
1761,AG1,0,UP,Công ty Cổ phần 28.1 
2041,AGE,0,UP,Công ty Cổ phần Môi trường Đô thị An Giang
3,AGF,0,UP,Công ty Cổ phần Xuất nhập khẩu Thủy sản An Giang
2160,AGG,0,HO,Công ty Cổ phần Đầu tư và Phát triển Bất động sản An Gia
1117,AGM,0,HO,Công ty Cổ phần Xuất nhập khẩu An Giang
1105,AGP,0,UP,Công ty Cổ phần Dược phẩm Agimexpharm
614,AGR,0,HO,Công ty Cổ phần Chứng khoán Agribank
1370,AGX,0,UP,Công ty Cổ phần Thực phẩm Nông sản Xuất khẩu Sài Gòn
2463,AIC,0,UP,Tổng Công ty cổ phần Bảo hiểm Hàng không
4,ALT,0,HA,Công ty Cổ phần Văn hóa Tân Bình
892,ALV,0,UP,Công ty cổ phần Xây dựng ALVICO
1081,AMC,0,HA,Công ty Cổ phần Khoáng Sản Á Châu
1274,AMD,0,HO,Công ty Cổ phần Đầu tư và Khoáng sản FLC STONE
813,AME,0,HA,Công ty Cổ phần Alphanam E&C
1647,AMP,0,UP,Công ty Cổ phần Armephaco
841,AMS,0,UP,Công ty Cổ phần Cơ khí xây dựng AMECC
643,AMV,0,HA,Công ty Cổ phần Sản xuất kinh doanh dược và trang thiết bị Y tế Việt Mỹ 
1088,ANT,0,UP,Công ty Cổ phần Rau quả Thực phẩm An Giang
266,ANV,0,HO,Công ty Cổ phần Nam Việt
683,APC,0,HO,Công ty Cổ phần Chiếu xạ An Phú
1270,APF,0,UP,Công ty Cổ phần Nông sản Thực phẩm Quảng Ngãi
737,APG,0,HO,Công ty Cổ phần Chứng khoán APG
2291,APH,0,HO,Công ty Cổ phần Tập đoàn An Phát Holdings
571,API,0,HA,Công ty Cổ phần Đầu tư Châu Á - Thái Bình Dương
1539,APL,0,UP,Công ty Cổ phần Cơ khí và Thiết bị áp lực - VVMI
927,APP,0,UP,Công ty Cổ phần Phát triển Phụ gia và Sản phẩm Dầu mỏ 
378,APS,0,HA,Công ty Cổ phần Chứng khoán Châu Á Thái Bình Dương
1999,APT,0,UP,Công ty Cổ phần Kinh doanh Thủy Hải Sản Sài Gòn 
906,ARM,0,HA,Công ty Cổ phần Xuất nhập khẩu Hàng không
1633,ART,0,HA,Công ty Cổ phần Chứng khoán BOS
1084,ASA,0,UP,Công ty Cổ phần ASA
2003,ASG,0,HO, Công ty Cổ phần Tập đoàn ASG
645,ASM,0,HO,CTCP Tập Đoàn Sao Mai
317,ASP,0,HO,Công ty Cổ phần Tập đoàn Dầu khí An Pha
1908,AST,0,HO,Công ty Cổ phần Dịch vụ Hàng không Taseco 
537,ATA,0,UP,Công ty Cổ phần NTACO 
1708,ATB,0,UP,Công ty Cổ phần An Thịnh
1503,ATG,0,UP,Công ty Cổ phần An Trường An
1430,ATS,0,HA,Công ty Cổ phần Tập đoàn Dược phẩm Atesco
1160,AUM,0,UP,Công ty Cổ phần Vi Na Ca Fe Sơn Thành
1889,AVC,0,UP,Công ty cổ phần Thủy Điện A Vương
960,AVF,0,UP,Công ty Cổ phần Việt An
326,B82,0,UP,Công ty Cổ phần 482
1859,BAB,0,HA,Ngân hàng Thương mại Cổ phần Bắc Á
2659,BAF,0,HO,Công ty Cổ phần Nông nghiệp BAF Việt Nam
1235,BAL,0,UP,Công ty Cổ phần Bao bì Bia – Rượu – Nước giải khát
1136,BAX,0,HA,Công ty Cổ phần Thống Nhất
5,BBC,0,HO,Công ty Cổ phần Bibica
2249,BBH,0,UP,Công ty cổ phần Bao bì Hoàng Thạch
1902,BBM,0,UP, Công ty cổ phần Bia Hà Nội - Nam Định 
6,BBS,0,HA,Công ty Cổ phần VICEM Bao bì Bút Sơn 
7,BBT,0,UP,Công ty Cổ phần Bông Bạch Tuyết
2592,BCA,0,UP,Công ty Cổ phần B.C.H
2019,BCB,0,UP,Công ty Cổ phần 397 
8,BCC,0,HA,Công ty Cổ phần Xi măng Bỉm Sơn
488,BCE,0,HO,Công ty Cổ phần Xây dựng & Giao thông Bình Dương
2150,BCF,0,HA,Công ty Cổ phần Thực phẩm Bích Chi
1357,BCG,0,HO,Công ty Cổ phần Bamboo Capital
2929,BCG122006,0,HA,Trái phiếu Công ty cổ phần Bamboo Capital
1933,BCM,0,HO,Tổng Công ty Đầu tư và Phát triển Công nghiệp - CTCP
926,BCP,0,UP,Công ty Cổ phần Dược Enlie
2454,BCV,0,UP,Công ty Cổ phần Du lịch và Thương mại Bằng Giang Cao Bằng - Vimico
647,BDB,0,HA,Công ty Cổ phần Sách và Thiết bị Bình Định
1463,BDG,0,UP,Công ty Cổ phần May mặc Bình Dương
1772,BDT,0,UP,Công ty Cổ phần Xây lắp và Vật liệu xây dựng Đồng Tháp
1375,BDW,0,UP,Công ty Cổ phần Cấp thoát nước Bình Định
566,BED,0,HA,Công ty Cổ phần Sách và Thiết bị Trường học Đà Nẵng
1437,BEL,0,UP,Công ty Cổ phần Điện tử Biên Hòa
1323,BFC,0,HO,Công ty Cổ phần Phân bón Bình Điền
1718,BGW,0,UP,Công ty Cổ phần nước sạch Bắc Giang
1795,BHA,0,UP,Công ty Cổ phần Thủy điện Bắc Hà
484,BHC,0,UP,Công ty Cổ phần Bê tông Biên Hòa
2011,BHG,0,UP,Công ty Cổ phần Chè Biển Hồ
1900,BHK,0,UP,Công ty cổ phần Bia Hà Nội – Kim Bài
1289,BHN,0,HO,Tổng Công ty Cổ phần Bia - Rượu - Nước Giải khát Hà Nội
1134,BHP,0,UP,Công ty Cổ phần Bia Hà Nội – Hải Phòng
955,BHT,0,UP,Công ty Cổ phần Đầu tư Xây dựng Bạch Đằng TMC
1048,BIC,0,HO,Tổng Công ty Cổ phần Bảo hiểm Ngân hàng Đầu tư và Phát triển Việt Nam
1113,BID,0,HO,Ngân hàng TMCP Đầu tư và Phát triển Việt Nam
2930,BID121027,0,HA,Trái phiếu Ngân hàng Thương mại cổ phần Đầu tư và Phát triển Việt Nam
2931,BID121028,0,HA,Trái phiếu Ngân hàng Thương mại cổ phần Đầu tư và Phát triển Việt Nam
2932,BID122003,0,HA,Trái phiếu Ngân hàng TMCP Đầu tư và Phát triển Việt Nam
2933,BID122004,0,HA,Trái phiếu Ngân hàng TMCP Đầu tư và Phát triển Việt Nam
2934,BID122005,0,HA,Trái phiếu Ngân hàng TMCP Đầu tư và Phát triển Việt Nam
2671,BIG,0,UP,Công ty cổ phần BIG Invest Group
1237,BII,0,HA,Công ty Cổ phần Louis Land
1904,BIO,0,UP,Công ty Cổ phần Vắc Xin và Sinh phẩm Nha Trang
531,BKC,0,HA,Công ty Cổ phần Khoáng sản Bắc Kạn 
2294,BKG,0,HO,Công ty Cổ phần Đầu tư BKG Việt Nam
1960,BKH,0,UP,Công ty Cổ phần Bánh Mứt Kẹo Hà Nội
334,BLF,0,HA,Công ty Cổ phần Thủy sản Bạc Liêu
1399,BLI,0,UP,Tổng Công ty Cổ phần Bảo hiểm Bảo Long
1326,BLN,0,UP,Công ty Cổ phần Vận tải và Dịch vụ Liên Ninh
1686,BLT,0,UP,Công ty Cổ phần Lương thực Bình Định
1985,BLW,0,UP,Công ty Cổ phần Cấp nước Bạc Liêu 
11,BMC,0,HO,Công ty Cổ phần Khoáng sản Bình Định
1679,BMD,0,UP,Công ty Cổ phần Môi trường và Dịch vụ Đô thị Bình Thuận
1944,BMF,0,UP,Công ty Cổ phần Vật liệu Xây dựng và Chất đốt Đồng Nai 
2037,BMG,0,UP,Công ty Cổ phần May Bình Minh 
12,BMI,0,HO,Tổng Công ty Cổ phần Bảo Minh
597,BMJ,0,UP,Công ty Cổ phần Khoáng sản Miền Đông AHP
1452,BMN,0,UP,Công ty Cổ phần 715
13,BMP,0,HO,Công ty Cổ phần Nhựa Bình Minh
1952,BMS,0,UP,Công ty cổ phần Chứng khoán Bảo Minh 
1746,BMV,0,UP,Công ty Cổ phần Bột mỳ Vinafood 1
2050,BNA,0,HA,Công ty Cổ phần Đầu tư sản xuất Bảo Ngọc 
1817,BNW,0,UP,Công ty Cổ phần nước sạch Bắc Ninh
2048,BOT,0,UP, Công ty Cổ phần BOT Cầu Thái Hà 
14,BPC,0,HA,Công ty Cổ phần Vicem Bao bì Bỉm sơn
1901,BQB,0,UP,Công ty Cổ phần Bia Hà Nội - Quảng Bình
1079,BRC,0,HO,Công ty Cổ phần Cao su Bến Thành
1753,BRR,0,UP,Công ty Cổ phần Cao su Bà Rịa 
1330,BRS,0,UP,Công ty Cổ phần Dịch vụ Đô thị Bà Rịa 
1336,BSA,0,UP,Công ty Cổ phần Thủy điện Buôn Đôn 
948,BSC,0,HA,Công ty Cổ phần Dịch vụ Bến Thành
1684,BSD,0,UP,"Công ty Cổ phần Bia, Rượu Sài Gòn - Đồng Xuân"
1579,BSG,0,UP,Công ty Cổ phần Xe khách Sài Gòn
1966,BSH,0,UP,Công ty Cổ phần Bia Sài Gòn - Hà Nội
1059,BSI,0,HO,Công ty Cổ phần Chứng khoán Ngân hàng Đầu tư và Phát triển Việt Nam
1745,BSL,0,UP,Công ty Cổ phần Bia Sài Gòn – Sông Lam 
1514,BSP,0,UP,Công ty Cổ phần Bia Sài Gòn - Phú Thọ
1670,BSQ,0,UP,Công ty Cổ phần Bia Sài Gòn - Quảng Ngãi
1922,BSR,0,UP,Công ty Cổ phần Lọc - Hóa dầu Bình Sơn
450,BST,0,HA,Công ty Cổ phần Sách và Thiết bị Bình Thuận
1018,BT1,0,UP,Công ty Cổ phần Bảo vệ Thực vật 1 Trung Ương
15,BT6,0,UP,Công ty Cổ phần Beton 6
1597,BTB,0,UP,Công ty Cổ phần Bia Hà Nội - Thái Bình
1245,BTD,0,UP,Công ty Cổ phần Bê tông Ly tâm Thủ Đức
720,BTG,0,UP,Công ty Cổ phần Bao bì Tiền Giang
297,BTH,0,UP,Công ty Cổ phần Chế tạo Biến thế và Vật liệu điện Hà Nội
1854,BTN,0,UP,Công ty Cổ phần Gạch Tuy Nen Bình Định 
600,BTP,0,HO,Công ty Cổ phần Nhiệt điện Bà Rịa
17,BTS,0,HA,Công ty Cổ phần Xi măng Vicem Bút Sơn
711,BTT,0,HO,Công ty Cổ phần Thương mại - Dịch vụ Bến Thành
1405,BTU,0,UP,Công ty Cổ phần Công trình Đô thị Bến Tre
1671,BTV,0,UP,Công ty Cổ phần Dịch vụ Du lịch Bến Thành
670,BTW,0,HA,Công ty Cổ phần Cấp nước Bến Thành
2116,BVB,0,UP,Ngân hàng Thương mại cổ phần Bản Việt
887,BVG,0,UP,Công ty Cổ phần Group Bắc Việt
490,BVH,0,HO,Tập đoàn Bảo Việt 
2565,BVL,0,UP,Công ty cổ phần BV Land
915,BVN,0,UP,Công ty Cổ phần Bông Việt Nam
18,BVS,0,HA,Công ty Cổ phần Chứng khoán Bảo Việt
733,BWA,0,UP,Công ty Cổ phần Cấp thoát nước và Xây dựng Bảo Lộc
1760,BWE,0,HO,Công ty Cổ phần Nước - Môi trường Bình Dương 
1433,BWS,0,UP,Công ty Cổ phần Cấp nước Bà Rịa - Vũng Tàu
593,BXH,0,HA,Công ty Cổ phần VICEM Bao bì Hải Phòng
1592,C12,0,UP,Công ty Cổ phần Cầu 12
1040,C21,0,UP,Công ty Cổ phần Thế kỷ 21
1935,C22,0,UP,Công ty cổ phần 22 
878,C32,0,HO,Công ty Cổ phần CIC39
1025,C47,0,HO,Công ty Cổ phần Xây dựng 47
2030,C4G,0,UP,Công ty Cổ phần Tập đoàn CIENCO4 
1605,C69,0,HA,Công ty Cổ phần Xây dựng 1369
259,C92,0,UP,Công ty Cổ phần Xây dựng và Đầu tư 492
2084,CAB,0,UP,Công ty Cổ phần Tổng công ty Truyền hình Cáp Việt Nam
2765,CACB2201,0,HO,Chứng quyền ACB-HSC-MET01
2854,CACB2203,0,HO,Chứng quyền CACB01MBS22CE
2870,CACB2204,0,HO,Chứng quyền ACB-HSC-MET02
3008,CACB2205,0,HO,Chứng quyền.ACB.VND.M.CA.T.2022.3
380,CAD,0,UP,Công ty Cổ phấn Chế biến và Xuất nhập khẩu Thủy sản CADOVIMEX
1333,CAG,0,HA,Công ty Cổ phần Cảng An Giang
19,CAN,0,HA,Công ty Cổ phần Đồ hộp Hạ Long
301,CAP,0,HA,Công ty Cổ phần Lâm Nông sản Thực phẩm Yên Bái
2864,CAR,0,UP,Công ty Cổ phần Tập đoàn Giáo dục Trí Việt
655,CAT,0,UP,CTCP Thủy sản Cà Mau
1260,CAV,0,HO,Công ty Cổ phần Dây cáp điện Việt Nam
1834,CBI,0,UP,Công ty cổ phần Gang thép Cao Bằng 
1619,CBS,0,UP,Công ty cổ phần Mía đường Cao Bằng
1777,CC1,0,UP,Tổng Công ty Xây dựng Số 1 – CTCP 
1798,CC4,0,UP,Công ty Cổ phần Đầu tư và Xây dựng Số 4
2059,CCA,0,UP,Công ty Cổ phần Xuất nhập khẩu Thủy sản Cần Thơ
748,CCI,0,HO,Công ty Cổ phần Đầu tư Phát triển Công nghiệp – Thương mại Củ Chi
1008,CCL,0,HO,Công ty Cổ phần Đầu tư và Phát triển Đô thị Dầu khí Cửu Long
357,CCM,0,UP,Công ty Cổ phần Khoáng sản và Xi măng Cần Thơ
1636,CCP,0,UP,Công ty Cổ phần Cảng Cửa Cấm Hải Phòng
1385,CCR,0,HA,Công ty Cổ phần Cảng Cam Ranh
1507,CCT,0,UP,Công ty Cổ phần Cảng Cần Thơ
1641,CCV,0,UP,Công ty Cổ phần Tư vấn Xây dựng Công nghiệp và Đô thị Việt Nam
245,CDC,0,HO,Công ty Cổ phần Chương Dương
630,CDG,0,UP,Công ty Cổ phần Cầu Đuống
1482,CDH,0,UP,Công ty Cổ phần Công trình Công cộng và Dịch vụ Du lịch Hải Phòng
1360,CDN,0,HA,Công ty Cổ phần Cảng Đà Nẵng
1312,CDO,0,UP,Công ty Cổ phần Tư vấn thiết kế và Phát triển đô thị
1916,CDP,0,UP,Công ty cổ phần Dược phẩm Trung ương Codupha 
1738,CDR,0,UP,Công ty Cổ phần Xây dựng Cao Su Đồng Nai 
1720,CE1,0,UP,Công ty cổ phần Xây dựng và Thiết bị Công nghiệp CIE1 
1696,CEG,0,UP,Công ty Cổ phần Tập đoàn Xây dựng và Thiết bị Công nghiệp
1967,CEN,0,UP,Công ty Cổ phần CENCON Việt Nam
1255,CEO,0,HA,CTCP Tập đoàn C.E.O
1554,CET,0,HA,Công ty Cổ phần HTC Holding
2503,CFM,0,UP,Công ty Cổ phần Đầu tư CFM
2766,CFPT2201,0,HO,Chứng quyền FPT-HSC-MET09
2909,CFPT2204,0,HO,Chứng quyền CFPT01MBS22CE
2981,CFPT2205,0,HO,Chứng quyền FPT/VCSC/M/Au/T/A5
3009,CFPT2206,0,HO,Chứng quyền.FPT.VND.M.CA.T.2022.3
3010,CFPT2207,0,HO,Chứng quyền.FPT.VND.M.CA.T.2022.4
2068,CFV,0,UP,Công ty Cổ phần Cà phê Thắng Lợi
1765,CGV,0,UP,Công ty Cổ phần Vinaceglass
674,CH5,0,UP,Công ty Cổ phần Xây dựng Số 5 Hà Nội
1155,CHC,0,UP,Công ty Cổ phần Cẩm Hà
2751,CHDB2201,0,HO,Chứng quyền.HDB.KIS.M.CA.T.09
2824,CHDB2204,0,HO,Chứng quyền HDB/VCSC/M/Au/T/A1
2851,CHDB2205,0,HO,Chứng quyền.HDB.KIS.M.CA.T.11
2894,CHDB2206,0,HO,Chứng quyền.HDB.KIS.M.CA.T.12
2910,CHDB2207,0,HO,Chứng quyền CHDB01MBS22CE
2925,CHDB2208,0,HO,Chứng quyền.HDB.KIS.M.CA.T.13
745,CHP,0,HO,Công ty Cổ phần Thủy điện Miền Trung
2747,CHPG2201,0,HO,Chứng quyền.HPG.KIS.M.CA.T.15
2748,CHPG2202,0,HO,Chứng quyền.HPG.KIS.M.CA.T.16
2767,CHPG2203,0,HO,Chứng quyền HPG-HSC-MET08
2823,CHPG2207,0,HO,Chứng quyền HPG/VCSC/M/Au/T/A4
2837,CHPG2208,0,HO,Chứng quyền HPG/ACBS/Call/EU/Cash/6M/12
2839,CHPG2210,0,HO,Chứng quyền.HPG.KIS.M.CA.T.19
2855,CHPG2211,0,HO,Chứng quyền CHPG01MBS22CE
2877,CHPG2212,0,HO,Chứng quyền.HPG.KIS.M.CA.T.20
2886,CHPG2213,0,HO,Chứng quyền.HPG.VND.M.CA.T.2202.2
2890,CHPG2214,0,HO,Chứng quyền.HPG.KIS.M.CA.T.21
2923,CHPG2215,0,HO,Chứng quyền.HPG.KIS.M.CA.T.22
2999,CHPG2216,0,HO,Chứng quyền.HPG.VND.M.CA.T.2022.4
3011,CHPG2217,0,HO,Chứng quyền.HPG.VND.M.CA.T.2022.3
1596,CHS,0,UP,Công ty Cổ phần Chiếu sáng Công cộng Tp. Hồ Chí Minh
1049,CI5,0,UP,Công ty Cổ phần Đầu tư Xây dựng Số 5
1886,CIA,0,HA,Công ty cổ phần Dịch vụ Sân bay Quốc tế Cam Ranh
21,CID,0,UP,Công ty Cổ phần Xây dựng và Phát triển Cơ sở hạ tầng
1055,CIG,0,HO,Công ty Cổ phần COMA 18
22,CII,0,HO,Công ty Cổ phần Đầu tư Hạ tầng Kỹ thuật TP. Hồ Chí Minh
2935,CII120018,0,HA,Trái phiếu CIIB2024009 của CTCP Đầu tư Hạ tầng Kỹ thuật Thành phố Hồ Chí Minh 
2936,CII121006,0,HA,Trái phiếu CIIB2124001 của CTCP Đầu tư Hạ Tầng Kỹ thuật Thành phố Hồ Chí Minh 
2937,CII121029,0,HA,Trái phiếu CIIB2124002 của CTCP Đầu tư Hạ tầng Kỹ thuật T.p Hồ Chí Minh 
2993,CII42013,0,HA,Trái phiếu Công ty cổ phần Đầu tư Hạ tầng Kỹ thuật Thành phố Hồ Chí Minh
1003,CIP,0,UP,Công ty Cổ phần Xây lắp và Sản xuất Công nghiệp
23,CJC,0,HA,Công ty Cổ phần Cơ điện Miền Trung
1959,CKA,0,UP,Công ty Cổ phần Cơ khí An Giang
1335,CKD,0,UP,Công ty Cổ phần Cơ khí Đông Anh Licogi 
2770,CKDH2201,0,HO,Chứng quyền.KDH.KIS.M.CA.T.07
2825,CKDH2205,0,HO,Chứng quyền KDH/VCSC/M/Au/T/A2
2848,CKDH2206,0,HO,Chứng quyền.KDH.KIS.M.CA.T.09
2869,CKDH2207,0,HO,Chứng quyền KDH-HSC-MET01
2911,CKDH2208,0,HO,Chứng quyền CKDH01MBS22CE
2922,CKDH2209,0,HO,Chứng quyền.KDH.KIS.M.CA.T.10
3000,CKDH2210,0,HO,Chứng quyền.KDH.VND.M.CA.T.2022.3
1250,CKG,0,HO,Công ty Cổ phần Tập đoàn Tư vấn Đầu tư Xây dựng Kiên Giang
631,CKV,0,HA,Công ty Cổ phần COKYVINA
24,CLC,0,HO,Công ty Cổ phần Cát Lợi
886,CLG,0,UP,Công ty Cổ phần Đầu tư và Phát triển Nhà đất Cotec 
1465,CLH,0,HA,Công ty Cổ phần Xi măng La Hiên VVMI
1182,CLL,0,HO,Công ty Cổ phần Cảng Cát Lái
1303,CLM,0,HA,Công ty Cổ phần Xuất nhập khẩu Than – Vinacomin
922,CLW,0,HO,Công ty Cổ phần Cấp nước Chợ Lớn
1529,CLX,0,UP,Công ty Cổ phần Xuất nhập khẩu và Đầu tư Chợ Lớn (Cholimex)
2764,CMBB2201,0,HO,Chứng quyền MBB-HSC-MET09
2828,CMBB2203,0,HO,Chứng quyền MBB/VCSC/M/Au/T/A3
2865,CMBB2204,0,HO,Chứng quyền MBB-HSC-MET10
2884,CMBB2205,0,HO,Chứng quyền.MBB.VND.M.CA.T.2202.2
2898,CMBB2206,0,HO,Chứng quyền.MBB.KIS.M.CA.T.03
2899,CMBB2207,0,HO,Chứng quyền.MBB.KIS.M.CA.T.04
3001,CMBB2208,0,HO,Chứng quyền.MBB.VND.M.CA.T.2022.3
25,CMC,0,HA,Công ty Cổ phần Đầu tư CMC
2033,CMD,0,UP,Công ty Cổ phần Vật liệu Xây dựng và Trang trí Nội thất Thành phố Hồ Chí Minh 
1504,CMF,0,UP,Công ty Cổ phần Thực phẩm Cholimex
668,CMG,0,HO,Công ty Cổ phần Tập đoàn công nghệ CMC 
573,CMI,0,UP,CTCP CMISTONE Việt Nam
1144,CMK,0,UP,Công ty Cổ phần Cơ khí Mạo khê - Vinacomin 
1169,CMN,0,UP,Công ty Cổ phần Lương Thực Thực Phẩm Colusa - Miliket 
1427,CMP,0,UP,Công ty Cổ phần Cảng Chân Mây
968,CMS,0,HA,Công ty Cổ phần Tập đoàn CMH Việt Nam
2749,CMSN2201,0,HO,Chứng quyền.MSN.KIS.M.CA.T.13
2835,CMSN2202,0,HO,Chứng quyền MSN/ACBS/Call/EU/Cash/6M/14
2873,CMSN2204,0,HO,Chứng quyền MSN-HSC-MET05
2878,CMSN2205,0,HO,Chứng quyền.MSN.KIS.M.CA.T.15
2891,CMSN2206,0,HO,Chứng quyền.MSN.KIS.M.CA.T.16
2901,CMSN2207,0,HO,Chứng quyền MSN/BSC/C/7M/EU/Cash/2022-01
2907,CMSN2208,0,HO,Chứng quyền CMSN01MBS22CE
2921,CMSN2209,0,HO,Chứng quyền.MSN.KIS.CA.T.17
2975,CMSN2210,0,HO,Chứng quyền MSN/VCSC/M/Au/T/A5
677,CMT,0,UP,Công ty cổ phần Công nghệ Mạng và Truyền thông
826,CMV,0,HO,Công ty Cổ phần Thương nghiệp Cà Mau
1664,CMW,0,UP,Công ty Cổ phần Cấp nước Cà Mau
2762,CMWG2201,0,HO,Chứng quyền MWG-HSC-MET10
2827,CMWG2203,0,HO,Chứng quyền MWG/VCSC/M/Au/T/A7
2834,CMWG2204,0,HO,Chứng quyền MWG/ACBS/Call/EU/Cash/6M/15
2868,CMWG2205,0,HO,Chứng quyền MWG-HSC-MET11
2905,CMWG2206,0,HO,Chứng quyền MWG/BSC/C/7M/EU/Cash/2022-01
2928,CMWG2207,0,HO,Chứng quyền CMWG01MBS22CE
3002,CMWG2208,0,HO,Chứng quyền.MWG.VND.M.CA.T.2022.3
951,CMX,0,HO,Công ty Cổ phần Camimex Group
2707,CNA,0,UP,Công ty TNHH MTV Đầu tư phát triển Chè Nghệ An
1225,CNC,0,UP,Công ty Cổ phần Công nghệ cao Traphaco 
1052,CNG,0,HO,Công ty Cổ phần CNG Việt Nam
1441,CNN,0,UP,"Công ty Cổ phần Tư vấn công nghệ, thiết bị và kiểm định xây dựng - CONINCO"
346,CNT,0,UP,Công ty Cổ phần Tập đoàn CNT
2771,CNVL2201,0,HO,Chứng quyền.NVL.KIS.M.CA.T.08
2826,CNVL2203,0,HO,Chứng quyền NVL/VCSC/M/Au/T/A1
2847,CNVL2204,0,HO,Chứng quyền.NVL.KIS.M.CA.T.10
2879,CNVL2205,0,HO,Chứng quyền.NVL.KIS.M.CA.T.11
2892,CNVL2206,0,HO,Chứng quyền.NVL.KIS.M.CA.T.12
2902,CNVL2207,0,HO,Chứng quyền NVL/BSC/C/7M/EU/Cash/2022-01
2920,CNVL2208,0,HO,Chứng quyền.NVL.KIS.M.CA.T.13
26,COM,0,HO,Công ty Cổ phần Vật tư Xăng dầu
2167,CPA,0,UP,Công ty Cổ phần Cà phê Phước An
483,CPC,0,HA,Công ty Cổ phần Thuốc sát trùng Cần Thơ
2772,CPDR2201,0,HO,Chứng quyền.PDR.KIS.M.CA.T.04
2850,CPDR2203,0,HO, Chứng quyền.PDR.KIS.M.CA.T.06
2897,CPDR2204,0,HO,Chứng quyền.PDR.KIS.M.CA.T.07
2919,CPDR2205,0,HO,Chứng quyền.PDR.KIS.M.CA.T.08
1458,CPH,0,UP,Công ty Cổ phần Phục vụ Mai táng Hải Phòng
1304,CPI,0,UP,Công ty Cổ phần Đầu tư Cảng Cái Lân
2763,CPNJ2201,0,HO,Chứng quyền PNJ-HSC-MET05
2895,CPNJ2202,0,HO,Chứng quyền.PNJ.KIS.M.CA.T.02
2896,CPNJ2203,0,HO,Chứng quyền.PNJ.KIS.M.CA.T.03
2904,CPNJ2204,0,HO,Chứng quyền PNJ/BSC/C/7M/EU/Cash/2022-01
2976,CPNJ2205,0,HO,Chứng quyền PNJ/VCSC/M/Au/T/A6
2807,CPOW2202,0,HO,Chứng quyền.POW.KIS.M.CA.T.02
2859,CPOW2203,0,HO,Chứng quyền CPOW01MBS22CE
2918,CPOW2204,0,HO,Chứng quyền.POW.KIS.M.CA.T.03
2979,CPOW2205,0,HO,Chứng quyền POW/VCSC/M/Au/T/A1
1566,CQN,0,UP,Công ty Cổ phần Cảng Quảng Ninh
1520,CQT,0,UP,Công ty Cổ phần Xi măng Quán Triều - VVMI
1813,CRC,0,HO,Công ty Cổ phần Create Capital Việt Nam 
2000,CRE,0,HO,Công ty Cổ phần Bất động sản Thế Kỷ 
580,CSC,0,HA,CTCP Tập đoàn COTANA
2056,CSI,0,UP,Công ty Cổ phần Chứng khoán Kiến thiết Việt Nam 
516,CSM,0,HO,Công ty Cổ phần Công nghiệp Cao su Miền Nam 
2536,CST,0,UP,Công ty cổ phần Than Cao Sơn - TKV
2750,CSTB2201,0,HO,Chứng quyền.STB.KIS.M.CA.T.14
2761,CSTB2202,0,HO,Chứng quyền STB-HSC-MET04
2821,CSTB2206,0,HO,Chứng quyền STB/VCSC/M/Au/T/A3
2843,CSTB2208,0,HO,Chứng quyền.STB.KIS.M.CA.T.17
2857,CSTB2209,0,HO,Chứng quyền CSTB01MBS22CE
2874,CSTB2210,0,HO,Chứng quyền STB-HSC-MET05
2880,CSTB2211,0,HO,Chứng quyền.STB.KIS.M.CA.T.18
2885,CSTB2212,0,HO,Chứng quyền.STB.VND.M.CA.T.2202.2
2889,CSTB2213,0,HO,Chứng quyền.STB.KIS.M.CA.T.19
2903,CSTB2214,0,HO,Chứng quyền STB/BSC/C/7M/EU/Cash/2022-01
2917,CSTB2215,0,HO,Chứng quyền.STB.KIS.M.CA.T.20
1240,CSV,0,HO,Công Ty Cổ Phần Hóa chất cơ bản Miền Nam
579,CT3,0,UP,Công ty Cổ phần Đầu tư và Xây dựng Công trình 3
695,CT6,0,UP,Công ty Cổ phần Công trình 6
924,CTA,0,UP,Công ty Cổ phần Vinavico 
27,CTB,0,HA,Công ty Cổ phần Chế tạo Bơm Hải Dương
342,CTC,0,HA,Công ty Cổ phần Tập đoàn Hoàng Kim Tây Nguyên
2760,CTCB2201,0,HO,Chứng quyền TCB-HSC-MET07
2836,CTCB2204,0,HO,Chứng quyền TCB/ACBS/Call/EU/Cash/6M/13
2861,CTCB2205,0,HO,Chứng quyền CTCB01MBS22CE
2866,CTCB2206,0,HO,Chứng quyền TCB-HSC-MET08
2978,CTCB2207,0,HO,Chứng quyền TCB/VCSC/M/Au/T/A4
3003,CTCB2208,0,HO,Chứng quyền.TCB.VND.M.CA.T.2022.3
3004,CTCB2209,0,HO,Chứng quyền.TCB.VND.M.CA.T.2022.4
620,CTD,0,HO,Công ty Cổ phần Xây dựng Coteccons
2992,CTD122015,0,HA,Trái phiếu Công ty cổ phần Xây dựng Coteccons
1603,CTF,0,HO,Công ty Cổ phần City Auto
460,CTG,0,HO,Ngân hàng Thương mại Cổ phần Công thương Việt Nam
2938,CTG121030,0,HA,Trái phiếu 2129 của Vietinbank phát hành ra công chúng năm 2021 đáo hạn năm 2029
2939,CTG121031,0,HA,Trái phiếu 2131 của Vietinbank phát hành ra công chúng năm 2021 đáo hạn năm 2031
689,CTI,0,HO,Công ty Cổ phần Đầu tư Phát triển Cường Thuận IDICO
28,CTN,0,UP,Công ty Cổ phần Xây dựng Công trình ngầm
1485,CTP,0,HA,Công ty cổ phần Minh Khang Capital Trading Public
2759,CTPB2201,0,HO,Chứng quyền TPB-HSC-MET01
2926,CTPB2203,0,HO,Chứng quyền.TPB.KIS.M.CA.T.01
2924,CTPB2204,0,HO,Chứng quyền.TPB.KIS.M.CA.T.02
3005,CTPB2205,0,HO,Chứng quyền.TPB.VND.M.CA.T.2022.3
1318,CTR,0,HO,Tổng Công ty Cổ phần Công trình Viettel
511,CTS,0,HO,Công ty Cổ phần Chứng khoán Ngân hàng Công Thương Việt Nam
686,CTT,0,HA,Công ty Cổ phần Chế tạo máy- Vinacomin
1444,CTW,0,UP,Công ty Cổ phần Cấp thoát nước Cần Thơ
1093,CTX,0,HA,Tổng Công ty Cổ phần Đầu tư Xây dựng và Thương mại Việt Nam
2754,CVHM2201,0,HO,Chứng quyền.VHM.KIS.M.CA.T.10
2758,CVHM2202,0,HO,Chứng quyền VHM-HSC-MET07
2822,CVHM2206,0,HO,Chứng quyền VHM/VCSC/M/Au/T/A2
2862,CVHM2207,0,HO,Chứng quyền CVHM01MBS22CE
2871,CVHM2208,0,HO,Chứng quyền VHM-HSC-MET08
2882,CVHM2209,0,HO,Chứng quyền.VHM.KIS.M.CA.T.12
2893,CVHM2210,0,HO,Chứng quyền.VHM.KIS.M.CA.T.13
2916,CVHM2211,0,HO,Chứng quyền.VHM.KIS.M.CA.T.14
3007,CVHM2212,0,HO,Chứng quyền.VHM.VND.M.CA.T.2022.3
2753,CVIC2201,0,HO,Chứng quyền.VIC.KIS.M.CA.T.13
2831,CVIC2203,0,HO,Chứng quyền VIC/ACBS/Call/EU/Cash/6M/18
2845,CVIC2205,0,HO,Chứng quyền.VIC.KIS.M.CA.T.16
2860,CVIC2206,0,HO,Chứng quyền CVIC01MBS22CE
2849,CVJC2202,0,HO,Chứng quyền.VJC.KIS.M.CA.T.09
2881,CVJC2203,0,HO,Chứng quyền.VJC.KIS.M.CA.T.10
2915,CVJC2204,0,HO,Chứng quyền.VJC.KIS.M.CA.T.11
884,CVN,0,HA,Công ty Cổ phần VINAM
2752,CVNM2201,0,HO,Chứng quyền.VNM.KIS.M.CA.T.12
2833,CVNM2204,0,HO,Chứng quyền VNM/ACBS/Call/EU/Cash/6M/16
2853,CVNM2205,0,HO,Chứng quyền.VNM.KIS.M.CA.T.14
2858,CVNM2206,0,HO,Chứng quyền CVNM01MBS22CE
2914,CVNM2207,0,HO,Chứng quyền.VNM.KIS.M.CA.T.15
2774,CVP,0,UP,Công ty Cổ phần Cảng Cửa Việt
2757,CVPB2201,0,HO,Chứng quyền VPB-HSC-MET08
2809,CVPB2204,0,HO,Chứng quyền.VPB.KIS.M.CA.T.04
2856,CVPB2205,0,HO,Chứng quyền CVPB01MBS22CE
2872,CVPB2206,0,HO,Chứng quyền VPB-HSC-MET09
2980,CVPB2207,0,HO,Chứng quyền VPB/VCSC/M/Au/T/A5
3006,CVPB2208,0,HO,Chứng quyền.VPB.VND.M.CA.T.2022.3
2756,CVRE2201,0,HO,Chứng quyền VRE-HSC-MET08
2832,CVRE2204,0,HO,Chứng quyền VRE/ACBS/Call/EU/Cash/6M/17
2841,CVRE2206,0,HO,Chứng quyền.VRE.KIS.M.CA.T.16
2852,CVRE2207,0,HO,Chứng quyền.VRE.KIS.M.CA.T.17
2867,CVRE2208,0,HO,Chứng quyền VRE-HSC-MET09
2883,CVRE2209,0,HO,Chứng quyền.VRE.KIS.M.CA.T.18
2908,CVRE2210,0,HO,Chứng quyền CVRE01MBS22CE
2913,CVRE2211,0,HO,Chứng quyền.VRE.KIS.M.CA.T.19
2977,CVRE2212,0,HO,Chứng quyền VRE/VCSC/M/Au/T/A2
586,CVT,0,HO,CÔNG TY CỔ PHẦN CMC
2995,CVT122007,0,HA,Trái phiếu Công ty cổ phần CMC
2996,CVT122008,0,HA, Trái phiếu Công ty cổ phần CMC
2997,CVT122009,0,HA,Trái phiếu Công ty cổ phần CMC
734,CX8,0,HA,Công ty Cổ phần Đầu tư và Xây lắp Constrexim số 8
29,CYC,0,UP,Công ty Cổ phần Gạch men Chang Yih
996,D11,0,HA,Công ty Cổ phần Địa ốc 11
469,D2D,0,HO,Công ty Cổ phần Phát triển Đô thị Công nghiệp Số 2
30,DAC,0,UP,Công ty Cổ phần 382 Đông Anh
533,DAD,0,HA,Công ty Cổ phần Đầu tư và Phát triển giáo dục Đà Nẵng
31,DAE,0,HA,Công ty Cổ phần Sách Giáo dục tại Tp.Đà Nẵng 
714,DAG,0,HO,Công ty Cổ phần Tập đoàn Nhựa Đông Á
1538,DAH,0,HO,Công ty Cổ phần Tập đoàn Khách sạn Đông Á
2052,DAN,0,UP,Công ty Cổ phần Dược Danapha
969,DAS,0,UP,Công ty Cổ phần Máy - Thiết bị Dầu khí Đà Nẵng
1377,DAT,0,HO,Công ty Cổ phần Đầu tư Du lịch và Phát triển Thủy sản
327,DBC,0,HO,Công ty Cổ phần Tập đoàn Dabaco Việt Nam
1668,DBD,0,HO,Công ty Cổ phần Dược - Trang thiết bị y tế Bình Định (Bidiphar)
605,DBM,0,UP,Công ty Cổ phần Dược - Vật tư Y tế Đăc Lăk
577,DBT,0,HO,Công ty Cổ phần Dược phẩm Bến Tre
1649,DBW,0,UP,Công ty Cổ phần Cấp nước Điện Biên
729,DC1,0,UP,Công ty Cổ phần Đầu tư Phát triển xây dựng số 1
548,DC2,0,HA,Công ty Cổ phần Đầu tư phát triển - Xây dựng (DIC) Số 2
374,DC4,0,HO,Công ty Cổ phần Xây dựng DIC Holdings
1192,DCF,0,UP,Công ty Cổ phần Xây dựng và Thiết kế số 1
1570,DCG,0,UP,Công ty Cổ phần Tổng Công ty May Đáp Cầu
1896,DCH,0,UP,Công ty cổ phần Địa chính Hà Nội
355,DCL,0,HO,Công ty Cổ phần Dược phẩm Cửu Long
1282,DCM,0,HO,Công ty Cổ phần Phân bón Dầu khí Cà Mau
1698,DCR,0,UP,Công ty Cổ phần Gạch men Cosevco
281,DCS,0,UP,Công ty Cổ phần Tập đoàn Đại Châu
32,DCT,0,UP,Công ty Cổ phần Tấm lợp - Vật liệu xây dựng Đồng Nai
1956,DDG,0,HA,Công ty Cổ phần Đầu tư Công nghiệp Xuất nhập khẩu Đông Dương 
1497,DDH,0,UP,Công ty Cổ phần Đảm bảo Giao thông đường thủy Hải Phòng
343,DDM,0,UP,Công ty Cổ phần Hàng hải Đông Đô
500,DDN,0,UP,Công ty Cổ phần Dược Thiết bị Y tế Đà Nẵng 
1346,DDV,0,UP,Công ty Cổ phần DAP – VINACHEM 
1447,DFC,0,UP,Công ty Cổ phần Xích Líp Đông Anh
2521,DFF,0,UP,Công ty Cổ phần Tập đoàn Đua Fat
1233,DGC,0,HO,Công ty Cổ phần Tập đoàn Hóa chất Đức Giang
676,DGT,0,UP,Công ty Cổ phần Công trình Giao thông Đồng Nai 
1372,DGW,0,HO,Công ty Cổ phần Thế Giới Số
33,DHA,0,HO,Công ty Cổ phần Hoá An
1549,DHB,0,UP,Công ty Cổ phần Phân đạm và Hóa chất Hà Bắc
492,DHC,0,HO,Công ty Cổ phần Đông Hải Bến Tre
837,DHD,0,UP,Công ty Cổ phần Dược Vật tư Y tế Hải Dương
34,DHG,0,HO,Công ty Cổ phần Dược Hậu Giang
1104,DHM,0,HO,Công ty Cổ phần Thương mại và Khai thác Khoáng sản Dương Hiếu
1943,DHN,0,UP,Công ty Cổ phần Dược phẩm Hà Nội 
1130,DHP,0,HA,Công ty Cổ phần Điện cơ Hải Phòng
384,DHT,0,HA,Công ty Cổ phần Dược phẩm Hà Tây
36,DIC,0,UP,Công ty Cổ phần Đầu tư và Thương mại DIC
619,DID,0,UP,Công ty Cổ phần DIC - Đồng Tiến
530,DIG,0,HO,Tổng Công ty Cổ phần Đầu tư Phát triển Xây dựng
1012,DIH,0,HA,Công ty Cổ phần Đầu tư Phát triển Xây dựng Hội An
1873,DKC,0,UP,Công ty cổ phần Chợ Lạng Sơn
692,DL1,0,HA,Công ty Cổ phần Tập đoàn Alpha Seven
899,DLD,0,UP,Công ty Cổ phần Du lịch Đắk Lắk
831,DLG,0,HO,Công ty Cổ phần Tập đoàn Đức Long Gia Lai
787,DLR,0,UP,Công ty Cổ phần Địa ốc Đà Lạt
758,DLT,0,UP,Công ty Cổ phần Du lịch và Thương mại Vinacomin
1941,DM7,0,UP,Công ty Cổ phần Dệt May 7 
37,DMC,0,HO,Công ty Cổ phần Xuất nhập khẩu Y tế Domesco
2479,DMN,0,UP,Công ty Cổ phần Domenal
1734,DNA,0,UP,Công ty Cổ phần Điện nước An Giang
609,DNC,0,HA,Công ty Cổ phần Điện nước lắp máy Hải Phòng
1553,DND,0,UP,Công ty Cổ phần Đầu tư Xây dựng và Vật liệu Đồng Nai
1423,DNE,0,UP,Công ty Cổ phần Môi trường Đô thị Đà Nẵng
1717,DNH,0,UP,Công ty Cổ phần Thủy điện Đa Nhim - Hàm Thuận - Đa Mi
1062,DNL,0,UP,Công ty Cổ phần Logistics Cảng Đà Nẵng 
964,DNM,0,HA,Tổng Công ty Cổ phần Y tế Danameco
1773,DNN,0,UP,Công ty Cổ phần Cấp nước Đà Nẵng
38,DNP,0,HA,Công ty Cổ phần DNP Holding
517,DNT,0,UP,Công ty Cổ phần Du lịch Đồng Nai 
1341,DNW,0,UP,Công ty Cổ phần Cấp nước Đồng Nai
1604,DOC,0,UP,Công ty Cổ phần Vật tư Nông nghiệp Đồng Nai
1126,DOP,0,UP,CÔNG TY CỔ PHẦN VẬN TẢI XĂNG DẦU ĐỒNG THÁP
1831,DP1,0,UP,Công ty cổ phần Dược phẩm Trung ương CPC1 
1705,DP2,0,UP,Công ty Cổ phần Dược phẩm Trung ương 2
1310,DP3,0,HA,Công ty Cổ phần dược phẩm Trung ương 3
39,DPC,0,HA,Công ty Cổ phần Nhựa Đà Nẵng
2505,DPD,0,UP,Công ty Cổ phần Cao su Đồng Phú - Đắk Nông
1660,DPG,0,HO,Công ty Cổ phần Tập Đoàn Đạt Phương
989,DPH,0,UP,Công ty Cổ phần Dược phẩm Hải Phòng
243,DPM,0,HO,Tổng Công ty Phân bón và Hóa chất Dầu khí - Công ty Cổ phần
774,DPP,0,UP,Công ty Cổ phần Dược Đồng Nai
264,DPR,0,HO,Công ty Cổ phần Cao su Đồng Phú
1328,DPS,0,UP,Công ty Cổ phần Đầu tư Phát triển Sóc Sơn
319,DQC,0,HO,Công ty Cổ phần Bóng đèn Điện Quang
40,DRC,0,HO,Công ty Cổ phần Cao su Đà Nẵng
2079,DRG,0,UP,Công ty Cổ phần Cao su Đắk Lắk
860,DRH,0,HO,Công ty Cổ phần DRH Holdings
1710,DRI,0,UP,Công ty Cổ phần Đầu tư Cao su Đắk Lắk
1082,DRL,0,HO,Công ty Cổ phần Thủy Điện - Điện lực 3
1803,DS3,0,HA,Công ty Cổ phần Quản lý Đường sông số 3
740,DSC,0,UP,Công ty Cổ phần Chứng khoán DSC
2776,DSD,0,UP,Công ty Cổ phần DHC Suối Đôi
707,DSG,0,UP,Công ty Cổ phần Kính Đáp Cầu
914,DSN,0,HO,Công ty Cổ phần Công viên nước Đầm Sen
1781,DSP,0,UP,Công ty cổ phần Dịch vụ Du lịch Phú Thọ 
246,DST,0,HA,Công ty Cổ phần Đầu tư Sao Thăng Long
1588,DSV,0,UP,Công ty Cổ phần Đường sắt Vĩnh Phú
836,DTA,0,HO,Công ty Cổ phần Đệ Tam
2046,DTB,0,UP,Công ty Cổ phần Công trình Đô thị Bảo Lộc 
41,DTC,0,HA,Công ty Cổ phần Viglacera Đông Triều
1848,DTD,0,HA,Công ty cổ phần Đầu tư Phát triển Thành Đạt
2492,DTE,0,UP,Công ty cổ phần Đầu tư Năng lượng Đại Trường Thành Holdings
1166,DTG,0,UP,CTCP Dược phẩm Tipharco
990,DTH,0,UP,Công ty Cổ phần Dược – Vật tư Y tế Thanh Hóa
1907,DTI,0,UP,Công ty Cổ phần Đầu tư Đức Trung 
1589,DTK,0,HA,Tổng công ty Điện lực TKV - CTCP
819,DTL,0,HO,Công ty Cổ phần Đại Thiên Lộc
2193,DTP,0,UP,Công ty cổ phần Dược phẩm CPC1 Hà Nội
42,DTT,0,HO,Công ty Cổ phần Kỹ nghệ Đô Thành
710,DTV,0,UP,Công ty Cổ phần Phát triển điện Trà Vinh
2104,DUS,0,UP,Công ty Cổ phần Dịch vụ Đô thị Đà Lạt
1172,DVC,0,UP,Công ty Cổ phần Thương mại Dịch vụ Tổng hợp Cảng Hải Phòng
2381,DVG,0,HA,Công ty Cổ phần Tập đoàn Sơn Đại Việt
2900,DVM,0,HA,Công ty Cổ phần Dược liệu Việt Nam
1715,DVN,0,UP,Tổng công ty Dược Việt Nam - Công ty Cổ phần
607,DVP,0,HO,Công ty Cổ phần Đầu tư và Phát triển Cảng Đình Vũ 
1876,DVW,0,UP,Công ty Cổ phần Dịch vụ và Xây dựng Cấp nước Đồng Nai
2066,DWC,0,UP,Công ty Cổ phần Cấp nước Đắk Lắk
1920,DWS,0,UP,Công ty Cổ phần Cấp nước & Môi trường Đô thị Đồng Tháp
633,DXG,0,HO,Công ty Cổ phần Tập đoàn Đất Xanh
767,DXL,0,UP,Công ty Cổ phần Du lịch và Xuất Nhập khẩu Lạng Sơn
43,DXP,0,HA,Công ty Cổ phần Cảng Đoạn Xá
2591,DXS,0,HO,Công ty Cổ phần Dịch vụ Bất động sản Đất Xanh
321,DXV,0,HO,Công ty cổ phần VICEM Vật liệu Xây dựng Đà Nẵng
487,DZM,0,HA,Công ty Cổ phần Cơ điện Dzĩ An
2101,E12,0,UP,Công ty Cổ phần Xây dựng điện Vneco12
1265,E1VFVN30,0,HO,Quỹ ETF DCVFMVN30
2103,E29,0,UP,Công ty Cổ phần Đầu tư Xây dựng và Kỹ thuật 29
44,EBS,0,HA,Công ty Cổ phần Sách Giáo dục tại TP. Hà Nội
486,ECI,0,HA,Công ty Cổ phần Tập đoàn ECI
557,EFI,0,UP,Công ty Cổ phần Đầu tư Tài chính Giáo dục 
387,EIB,0,HO,Ngân hàng Thương mại Cổ phần Xuất nhập khẩu Việt Nam
1016,EIC,0,UP,Công ty Cổ phần EVN Quốc tế
514,EID,0,HA,Công ty Cổ phần Đầu tư và Phát triển Giáo dục Hà Nội
1699,EIN,0,UP,Công ty Cổ phần Đầu tư - Thương mại - Dịch vụ Điện lực
934,ELC,0,HO,Công ty Cổ phần Công nghệ - Viễn thông Elcom
1068,EMC,0,HO,Công ty Cổ phần Cơ điện Thủ Đức
1788,EME,0,UP,Công ty Cổ phần Điện Cơ
1635,EMG,0,UP,Công ty Cổ phần Thiết bị Phụ tùng Cơ điện
1722,EMS,0,UP,Tổng công ty Chuyển phát nhanh Bưu điện- CTCP
2017,EPC,0,UP,Công ty Cổ phần Cà phê Ea Pốk
1887,EPH,0,UP,Công ty cổ phần Dịch vụ Xuất bản Giáo dục Hà Nội
971,EVE,0,HO,Công ty Cổ phần Everpia
1997,EVF,0,HO,Công ty Tài chính Cổ phần Điện lực 
1741,EVG,0,HO,Công ty cổ phần Tập đoàn Everland
1995,EVS,0,HA,Công ty Cổ phần Chứng khoán Everest 
1002,FBA,0,UP,Công ty Cổ phần Tập đoàn Quốc tế FBA
1806,FBC,0,UP,Công ty Cổ phần Cơ khí Phổ Yên
1476,FCC,0,UP,Công ty Cổ phần Liên hợp thực phẩm
1143,FCM,0,HO,Công ty Cổ phần Khoáng sản FECON
1107,FCN,0,HO,Công ty Cổ phần FECON
1657,FCS,0,UP,Công ty Cổ phần Lương thực TP. Hồ Chí Minh
648,FDC,0,HO,Công ty Cổ phần Ngoại thương và Phát triển Đầu tư TP.Hồ Chí Minh
2010,FGL,0,UP,Công ty Cổ phần Cà phê Gia Lai
1883,FHN,0,UP,Công ty cổ phần Xuất nhập khẩu Lương thực - Thực phẩm Hà Nội 
1856,FHS,0,UP,Công ty cổ phần Phát hành sách thành phố Hồ Chí Minh - FAHASA
1984,FIC,0,UP,Tổng Công ty Vật liệu Xây dựng số 1 – Công ty Cổ phần 
1292,FID,0,HA,Công ty Cổ phần Đầu tư và Phát triển Doanh nghiệp Việt Nam
1990,FIR,0,HO,Công ty Cổ phần Địa ốc First Real 
1148,FIT,0,HO,Công ty Cổ phần Tập đoàn F.I.T
1064,FLC,0,HO,Công ty Cổ phần Tập đoàn FLC
45,FMC,0,HO,Công ty Cổ phần Thực phẩm Sao Ta
389,FOC,0,UP,Công ty Cổ phần Dịch vụ trực tuyến FPT
363,FOX,0,UP,Công ty Cổ phần Viễn thông FPT
47,FPT,0,HO,Công ty Cổ phần FPT
1253,FRC,0,UP,CTCP Lâm đặc sản Xuất khẩu Quảng Nam
1754,FRM,0,UP,Công ty cổ phần Lâm nghiệp Sài Gòn 
1832,FRT,0,HO,Công ty Cổ phần Bán lẻ Kỹ thuật số FPT
1573,FSO,0,UP,Công ty Cổ phần Cơ khí Đóng tàu Thủy sản Việt Nam
1801,FT1,0,UP,Công ty Cổ phần Phụ tùng máy số 1 
1823,FTI,0,UP,Công ty cổ phần Công nghiệp - Thương mại Hữu Nghị 
1667,FTM,0,UP,Công ty Cổ phần Đầu tư và Phát triển Đức Quân
196,FTS,0,HO,Công ty Cổ phần Chứng khoán FPT
2650,FUCTVGF3,0,HO,Quỹ Đầu Tư Tăng Trưởng Thiên Việt 3
1521,FUCVREIT,0,HO,Quỹ Đầu tư Bất động sản Techcom Việt Nam
2648,FUEIP100,0,HO,Chứng chỉ Quỹ ETF IPAAM VN100
2727,FUEKIV30,0,HO,Chứng chỉ Quỹ ETF KIM GROWTH VN30
2455,FUEMAV30,0,HO,Chứng chỉ Quỹ ETF MAFM VN30
2345,FUESSV30,0,HO,Chứng chỉ Quỹ ETF SSIAM VN30
1861,FUESSV50,0,HO,Chứng chỉ Quỹ ETF SSIAM VNX50
2238,FUESSVFL,0,HO,Chứng chỉ Quỹ ETF SSIAM VNFIN LEAD
2262,FUEVFVND,0,HO,Quỹ ETF DCVFMVN DIAMOND
2340,FUEVN100,0,HO,Quỹ ETF VINACAPITAL VN100 
1309,G20,0,UP,Công ty Cổ phần Đầu tư Dệt may Vĩnh Phúc
1620,G36,0,UP,Tổng Công ty 36 - Công ty Cổ phần
2074,GAB,0,HO,Công ty Cổ phần Đầu tư Khai khoáng & Quản lý Tài sản FLC
1098,GAS,0,HO,Tổng Công ty khí Việt Nam - Công ty Cổ phần
1614,GCB,0,UP,Công ty Cổ phần PETEC Bình Định
590,GDT,0,HO,Công ty Cổ phần Chế biến gỗ Đức Thành 
732,GDW,0,HA,Công ty Cổ phần Cấp nước Gia Định
2557,GE2,0,UP,Tổng công ty Phát điện 2 - Công ty cổ phần
2741,GEE,0,UP,Công ty Cổ phần Thiết bị điện Gelex
1682,GEG,0,HO,Công ty Cổ phần Điện Gia Lai
2940,GEG121022,0,HA,Trái phiếu Công ty Cổ phần Điện Gia Lai
815,GER,0,UP,Công ty Cổ phần Thể thao Ngôi sao Geru
1401,GEX,0,HO,Công ty Cổ phần Tập đoàn GELEX
570,GGG,0,UP,Công ty Cổ phần Ô tô Giải Phóng
2039,GH3,0,UP,Công ty Cổ phần Công trình Giao thông Hà Nội
972,GHC,0,UP,Công ty Cổ phần Thủy điện Gia Lai
2331,GIC,0,HA,Công ty cổ phần Đầu tư dịch vụ và Phát triển Xanh
49,GIL,0,HO,Công ty Cổ phần Sản xuất Kinh doanh Xuất nhập khẩu Bình Thạnh
1526,GKM,0,HA,Công ty Cổ phần Khang Minh Group
2025,GLC,0,UP,Công ty Cổ phần Vàng Lào Cai 
2941,GLH121019,0,HA,Trái phiếu Công ty cổ phần GLEXHOMES
2942,GLH121026,0,HA,Trái phiếu Công ty Cổ phần GLEXHOMES
568,GLT,0,HA,Công ty Cổ phần Kỹ thuật Điện Toàn Cầu 
1868,GLW,0,UP,Công ty Cổ phần Cấp thoát nước Gia Lai
2374,GMA,0,HA,Công ty Cổ phần Enteco Việt Nam
50,GMC,0,HO,Công ty Cổ phần Garmex Sài Gòn
51,GMD,0,HO,Công ty Cổ phần Gemadept
2728,GMH,0,HO,Công ty Cổ phần Minh Hưng Quảng Trị
1051,GMX,0,HA,Công ty Cổ phần Gạch Ngói Gốm Xây dựng Mỹ Xuân
1693,GND,0,UP,Công ty Cổ phần Gạch ngói Đồng Nai
1248,GSM,0,UP,Công ty Cổ phần Thủy điện Hương Sơn
1083,GSP,0,HO,Công ty Cổ phần Vận tải Sản phẩm khí Quốc tế
225,GTA,0,HO,Công ty Cổ phần Chế biến Gỗ Thuận An
1587,GTD,0,UP,Công ty Cổ phần Giày Thượng Đình
572,GTH,0,UP,Công ty Cổ phần Xây dựng – Giao thông Thừa Thiên Huế
1552,GTS,0,UP,Công ty Cổ phần Công trình Giao thông Sài Gòn
823,GTT,0,UP,Công ty Cổ phần Thuận Thảo
1942,GVR,0,HO,Tập đoàn Công nghiệp Cao su Việt Nam - Công ty cổ phần
1656,GVT,0,UP,Công ty Cổ phần Giấy Việt Trì
983,H11,0,UP,Công ty Cổ phần Xây dựng HUD101
62,HAC,0,UP,Công ty Cổ phần Chứng khoán Hải Phòng
574,HAD,0,HA,Công ty Cổ phần Bia Hà Nội - Hải Dương
1756,HAF,0,UP,Công ty Cổ phần Thực phẩm Hà Nội 
392,HAG,0,HO,Công ty Cổ phần Hoàng Anh Gia Lai
1295,HAH,0,HO,Công ty Cổ phần Vận tải và Xếp dỡ Hải An
52,HAI,0,HO,Công ty Cổ phần Nông dược H.A.I
1751,HAM,0,UP, Công ty Cổ phần Vật tư Hậu Giang 
1418,HAN,0,UP,Tổng Công ty Xây dựng Hà Nội - CTCP
53,HAP,0,HO,Công ty Cổ phần Tập đoàn Hapaco
1132,HAR,0,HO,Công ty Cổ phần Đầu tư Thương mại Bất động sản An Dương Thảo Điền
54,HAS,0,HO,Công ty Cổ phần Hacisco
791,HAT,0,HA,Công ty Cổ phần Thương mại Bia Hà Nội
1863,HAV,0,UP,Công ty Cổ phần Rượu Hapro 
55,HAX,0,HO,Công ty Cổ phần Dịch vụ Ô tô Hàng Xanh
56,HBC,0,HO,Công ty Cổ phần Tập đoàn Xây dựng Hòa Bình
57,HBD,0,UP,Công ty Cổ phần Bao bì PP Bình Dương
1321,HBH,0,UP,Công ty Cổ phần Habeco Hải Phòng 
850,HBS,0,HA,Công ty Cổ phần Chứng khoán Hòa Bình
1849,HC1,0,UP,Công ty cổ phần Xây dựng số 1 Hà Nội
1780,HC3,0,UP,Công ty Cổ phần Xây dựng số 3 Hải Phòng 
855,HCB,0,UP,Công ty Cổ phần Dệt may 29/3
288,HCC,0,HA,Công ty Cổ phần Bê tông Hòa Cầm - Intimex
1481,HCD,0,HO,Công ty Cổ phần Đầu tư Sản xuất và Thương mại HCD
697,HCI,0,UP,Công ty Cổ phần Đầu tư - Xây dựng Hà Nội 
472,HCM,0,HO,Công ty Cổ phần Chứng khoán TP.Hồ Chí Minh
263,HCT,0,HA,Công ty Cổ phần Thương mại Dịch vụ Vận tải Xi măng Hải Phòng
1478,HD2,0,UP,Công ty Cổ phần Đầu tư Phát triển nhà HUD2
1714,HD6,0,UP,Công ty Cổ phần Đầu tư và Phát triển nhà số 6 Hà Nội
2043,HD8,0,UP,Công ty Cổ phần Đầu tư phát triển nhà và đô thị HUD8
981,HDA,0,HA,Công ty Cổ phần Hãng Sơn Đông Á
1906,HDB,0,HO,Ngân hàng Thương mại Cổ phần Phát triển Thành phố Hồ Chí Minh 
238,HDC,0,HO,Công ty Cổ phần Phát triển Nhà Bà Rịa - Vũng Tàu
673,HDG,0,HO,Công ty Cổ phần Tập đoàn Hà Đô
2943,HDG121001,0,HA,Trái phiếu Công ty Cổ phần Tập đoàn Hà Đô
654,HDM,0,UP,Công ty cổ phần Dệt May Huế
556,HDO,0,UP,Công ty Cổ phần Hưng Đạo Container
1578,HDP,0,UP,Công ty Cổ phần Dược Hà Tĩnh
1818,HDW,0,UP,Công ty Cổ phần Kinh doanh nước sạch Hải Dương
1174,HEC,0,UP,Công ty Cổ phần Tư vấn Xây dựng Thủy Lợi II
1713,HEJ,0,UP,Tổng Công ty Tư vấn Xây dựng Thủy Lợi Việt Nam – CTCP
1632,HEM,0,UP,Công ty Cổ phần Chế tạo Điện cơ Hà Nội
1862,HEP,0,UP,Công ty cổ phần Môi trường và Công trình đô thị Huế 
1313,HES,0,UP,Công ty Cổ phần Dịch vụ Giải trí Hà Nội 
270,HEV,0,HA,Công ty Cổ phần Sách Đại học - Dạy nghề
1652,HFB,0,UP,Công ty Cổ phần Công trình Cầu phà Tp. Hồ Chí Minh
694,HFC,0,UP,Công ty Cổ phần Xăng dầu HFC
857,HFX,0,UP,Công ty Cổ phần Sản xuất - Xuất nhập khẩu Thanh Hà
618,HGM,0,HA,Công ty Cổ phần Cơ khí và Khoáng sản Hà Giang
1178,HGT,0,UP,Công ty Cổ phần Du lịch Hương Giang
1593,HGW,0,UP,Công ty Cổ phần Cấp thoát nước - Công trình đô thị Hậu Giang
260,HHC,0,HA,Công ty Cổ phần Bánh kẹo Hải Hà
872,HHG,0,HA,Công ty Cổ phần Hoàng Hà
1470,HHN,0,UP,Công ty Cổ phần Vận tải và Dịch vụ Hàng hóa Hà Nội
1982,HHP,0,HO,Công ty Cổ phần Giấy Hoàng Hà Hải Phòng 
1598,HHR,0,UP,Công ty Cổ phần Đường sắt Hải Hà
1075,HHS,0,HO,Công ty Cổ phần Đầu tư Dịch vụ Hoàng Huy
1414,HHV,0,HO,Công ty cổ phần Đầu tư hạ tầng giao thông Đèo Cả
1457,HID,0,HO,Công ty Cổ phần Halcom Việt Nam
498,HIG,0,UP,Công ty Cổ phần Tập đoàn HIPT
1769,HII,0,HO,Công ty Cổ phần An Tiến Industries
1388,HJC,0,UP,Công ty Cổ phần Hòa Việt
58,HJS,0,HA,Công ty Cổ phần Thuỷ điện Nậm Mu
1314,HKB,0,UP,Công ty Cổ phần Nông nghiệp và Thực phẩm Hà Nội- Kinh Bắc
1023,HKP,0,UP,Công ty Cổ phần Bao bì Hà Tiên
1523,HKT,0,HA,Công ty Cổ phần Đầu tư Ego Việt Nam
370,HLA,0,UP,Công ty Cổ phần Hữu Liên Á Châu
944,HLB,0,UP,CTCP Bia và Nước giải khát Hạ Long
474,HLC,0,HA,Công ty Cổ phần Than Hà Lầm – Vinacomin 
1131,HLD,0,HA,Công ty Cổ phần Đầu tư và Phát triển Bất động Sản HUDLAND
543,HLG,0,UP,Công ty Cổ phần Tập đoàn Hoàng Long
1498,HLR,0,UP,Công ty Cổ phần Đường Sắt Hà Lạng
1730,HLS,0,UP,Công ty Cổ phần Sứ kỹ thuật Hoàng Liên Sơn 
2168,HLT,0,UP,Công ty Cổ phần Dệt may Hoàng Thị Loan
59,HLY,0,UP,Công ty cổ phần Gốm xây dựng Yên Hưng
60,HMC,0,HO,Công ty Cổ phần Kim khí TP. Hồ Chí Minh - VNSTEEL
766,HMG,0,UP,Công ty Cổ phần Kim Khí Hà Nội- VNSTEEL
868,HMH,0,HA,Công ty Cổ phần Hải Minh
2740,HMR,0,HA,Công ty Cổ phần Đá Hoàng Mai
1226,HMS,0,UP,Công ty Cổ phần Xây dựng bảo tàng Hồ Chí Minh
1827,HNA,0,UP,Công ty Cổ phần Thủy điện Hủa Na 
1246,HNB,0,UP,Công ty Cổ phần Bến xe Hà Nội
1540,HND,0,UP,Công ty Cổ phần Nhiệt điện Hải Phòng
1404,HNF,0,UP,Công ty Cổ phần Thực phẩm Hữu Nghị
1369,HNG,0,HO,Công ty Cổ phần Nông nghiệp Quốc tế Hoàng Anh Gia Lai
1874,HNI,0,UP, Công ty Cổ phần May Hữu Nghị 
61,HNM,0,UP,Công ty Cổ phần Sữa Hà Nội
1563,HNP,0,UP,Công ty Cổ phần Hanel Xốp nhựa
1100,HNR,0,UP,Công ty Cổ phần Rượu và Nước giải khát Hà Nội
506,HOM,0,HA,Công ty Cổ phần Xi Măng VICEM Hoàng Mai
1033,HOT,0,HO,Công ty Cổ phần Du lịch Dịch vụ Hội An
723,HPB,0,UP,Công ty Cổ phần Bao bì PP
1349,HPD,0,UP,Công ty Cổ phần Thủy điện Đăk Đoa 
249,HPG,0,HO,Công ty Cổ phần Tập đoàn Hòa Phát
1894,HPH,0,UP,Công ty cổ phần Hóa Chất Hưng Phát Hà Bắc
1149,HPI,0,UP,Công ty Cổ phần Khu Công nghiệp Hiệp Phước
1402,HPM,0,UP,Công ty Cổ phần Xây dựng Thương mại và Khoáng sản Hoàng Phúc
661,HPP,0,UP,Công ty Cổ phần Sơn Hải Phòng
688,HPT,0,UP,Công ty Cổ phần Dịch vụ Công nghệ Tin học HPT
1398,HPW,0,UP,Công ty Cổ phần Cấp nước Hải Phòng
1962,HPX,0,HO,Công ty Cổ phần Đầu tư Hải Phát 
939,HQC,0,HO,Công ty Cổ phần Tư vấn Thương mại Dịch vụ Địa ốc Hoàng Quân
1842,HRB,0,UP,Công ty Cổ phần Harec Đầu tư và Thương mại
64,HRC,0,HO,Công ty Cổ phần Cao su Hòa Bình
1522,HRT,0,UP,Công ty Cổ phần Vận tải Đường sắt Hà Nội
1630,HSA,0,UP,Công ty Cổ phần HESTIA
395,HSG,0,HO,Công ty Cổ phần Tập đoàn Hoa Sen
285,HSI,0,UP,Công ty Cổ phần Vật tư Tổng hợp và Phân bón Hóa sinh
1934,HSL,0,HO,Công ty cổ phần Đầu tư Phát triển Thực phẩm Hồng Hà
954,HSM,0,UP,Tổng công ty Cổ phần Dệt may Hà Nội
2157,HSP,0,UP,Công ty Cổ phần Sơn Tổng hợp Hà Nội
2539,HSV,0,UP,Công ty Cổ phần Gang Thép Hà Nội
248,HT1,0,HO,Công ty Cổ phần Xi măng Vicem Hà Tiên
750,HTC,0,HA,Công ty Cổ phần Thương mại Hóc Môn
1784,HTE,0,UP,Công ty Cổ phần Đầu tư Kinh doanh Điện lực Thành phố Hồ Chí Minh
873,HTG,0,UP,Tổng Công ty Cổ phần Dệt may Hoà Thọ
2595,HTH,0,UP,Công ty Cổ phần Hoa tiêu Hàng hải -TKV
977,HTI,0,HO,Công ty Cổ phần Đầu tư Phát triển hạ tầng IDICO
920,HTL,0,HO,Công ty Cổ phần Kỹ thuật và Ô tô Trường Long
1953,HTM,0,UP,Tổng công ty Thương mại Hà Nội - CTCP
2007,HTN,0,HO,Công ty Cổ phần Hưng Thịnh Incons 
66,HTP,0,HA,Công ty Cổ phần In sách giáo khoa Hòa Phát
1519,HTR,0,UP,Công ty Cổ phần Đường sắt Hà Thái
1558,HTT,0,UP,Công ty Cổ phần Thương mại Hà Tây
67,HTV,0,HO,Công ty Cổ phần Logistics Vicem
1584,HTW,0,UP,Công ty Cổ phần Cấp nước Hà Tĩnh
794,HU1,0,HO,Công ty Cổ phần Đầu tư và Xây dựng HUD1
1017,HU3,0,HO,Công ty Cổ phần Đầu tư và Xây dựng HU3
1108,HU4,0,UP,Công ty Cổ phần Đầu tư và Xây dựng HUD4
802,HU6,0,UP,Công ty Cổ phần Đầu tư Phát triển Nhà và Đô thị HUD6
1875,HUB,0,HO,Công ty Cổ phần Xây lắp Thừa Thiên Huế
1892,HUG,0,UP,Tổng công ty May Hưng Yên – Công ty cổ phần
328,HUT,0,HA,Công ty Cổ phần Tasco
1327,HVA,0,UP,Công ty Cổ phần Đầu tư HVA
598,HVG,0,UP,Công ty Cổ phần Hùng Vương 
2028,HVH,0,HO,Công ty Cổ phần Đầu tư và Công nghệ HVC 
1296,HVN,0,HO, Tổng Công ty Hàng không Việt Nam - Công ty Cổ phần
480,HVT,0,HA,Công ty Cổ phần Hoá chất Việt Trì
874,HVX,0,HO,Công ty Cổ phần Xi măng Vicem Hải Vân
1905,HWS,0,UP,Công ty Cổ phần Cấp nước Thừa Thiên Huế
1494,IBC,0,HO,Công ty Cổ phần Đầu tư APAX HOLDINGS
2063,IBD,0,UP,Công ty Cổ phần In Tổng hợp Bình Dương 
2577,IBN,0,UP,Công ty Cổ phần In báo Nghệ An
1416,ICC,0,UP,Công ty Cổ phần Xây dựng Công nghiệp
68,ICF,0,UP,Công ty Cổ phần Đầu tư Thương mại Thuỷ Sản
479,ICG,0,HA,Công ty cổ phần Xây dựng Sông Hồng
712,ICI,0,UP,Công ty Cổ phần Đầu tư và Xây dựng Công nghiệp
1176,ICN,0,UP,CTCP Đầu tư Xây dựng Dầu khí IDICO
2051,ICT,0,HO,Công ty Cổ phần Viễn thông Tin học Bưu điện 
1881,IDC,0,HA,Tổng công ty IDICO - Công ty Cổ phần
1029,IDI,0,HO,Công ty Cổ phần Đầu tư và Phát triển Đa quốc gia I.D.I
900,IDJ,0,HA,Công ty Cổ phần Đầu tư IDJ Việt Nam
2495,IDP,0,UP,Công ty Cổ phần Sữa Quốc tế
811,IDV,0,HA,Công ty Cổ phần Phát triển Hạ tầng Vĩnh Phúc
69,IFS,0,UP,Công ty Cổ phần Thực phẩm Quốc tế
638,IHK,0,UP,Công ty Cổ phần In Hàng không
762,IJC,0,HO,Công ty Cổ phần phát triển hạ tầng kỹ thuật
1882,ILA,0,UP,Công ty Cổ phần ILA
2032,ILB,0,HO,Công ty Cổ phần ICD Tân Cảng - Long Bình 
70,ILC,0,UP,Công ty Cổ phần Hợp tác Lao động với nước ngoài
1936,ILS,0,UP,Công ty Cổ phần Đầu Tư Thương mại và Dịch vụ Quốc tế
587,IME,0,UP,Công ty Cổ phần Cơ khí và Xây lắp Công nghiệp
71,IMP,0,HO,Công ty Cổ phần Dược phẩm Imexpharm
806,IN4,0,UP,Công ty Cổ phần In số 4
812,INC,0,HA,Công ty Cổ phần Tư vấn đầu tư IDICO
662,INN,0,HA,Công ty Cổ phần Bao bì và In Nông nghiệp
1480,IPA,0,HA,Công ty Cổ phần Tập đoàn Đầu tư I.P.A
1919,IRC,0,UP,Công ty Cổ phần Cao su Công nghiệp
1339,ISG,0,UP,Công ty Cổ phần Vận tải Biển và Hợp tác Lao động Quốc tế
1338,ISH,0,UP,Công ty cổ phần Thủy điện Srok Phu Miêng IDICO
1609,IST,0,UP,Công ty Cổ phần ICD Tân Cảng Sóng Thần
72,ITA,0,HO,Công ty Cổ phần Đầu tư & Công nghiệp Tân Tạo
564,ITC,0,HO,Công ty Cổ phần Đầu tư - Kinh doanh nhà 
589,ITD,0,HO,Công ty Cổ phần Công nghệ Tiên Phong
1099,ITQ,0,HA,Công ty Cổ phần Tập đoàn Thiên Quang
1171,ITS,0,UP,Công ty Cổ phần Đầu tư Thương mại và Dịch vụ - Vinacomin
1054,IVS,0,HA,Công ty cổ phần Chứng khoán Guotai Junan (Việt Nam)
1771,JOS,0,UP,Công ty Cổ phần Chế biến Thủy sản Xuất khẩu Minh Hải 
1042,JVC,0,HO,Công ty Cổ phần Đầu tư và Phát triển Y tế Việt Nhật
923,KAC,0,UP,Công ty Cổ phần Đầu tư Địa ốc Khang An 
284,KBC,0,HO,Tổng Công ty Phát triển Đô Thị Kinh Bắc - Công ty cổ phần
2944,KBC121020,0,HA,Trái phiếu Tổng Công ty Phát triển Đô thị Kinh Bắc - CTCP
985,KCB,0,UP,Công ty Cổ phần Khoáng sản và Luyện Kim Cao Bằng
961,KCE,0,UP,Công ty Cổ phần Bê tông Ly tâm Điện lực Khánh Hòa
73,KDC,0,HO,Công ty Cổ phần Tập đoàn Kido
678,KDH,0,HO,Công ty Cổ phần Đầu tư và Kinh doanh nhà Khang Điền 
1453,KDM,0,HA,Công ty Cổ phần Tập đoàn GCL
1819,KGM,0,UP,Công ty Cổ phần Xuất nhập khẩu Kiên Giang 
74,KHA,0,UP,Công ty Cổ phần Đầu tư và Dịch vụ Khánh Hội
808,KHB,0,UP,Công ty Cổ phần Khoáng sản Hòa Bình
1187,KHD,0,UP,"Công ty Cổ phần Khai thác, Chế biến Khoáng sản Hải Dương"
2555,KHG,0,HO,Công ty Cổ phần Tập đoàn Khải Hoàn Land
1065,KHL,0,UP,Công ty Cổ phần Khoáng sản và Vật liệu Xây dựng Hưng Long
75,KHP,0,HO,Công ty Cổ phần Điện lực Khánh Hòa
1898,KHS,0,HA,Công ty cổ phần Kiên Hùng
1676,KHW,0,UP,Công ty Cổ phần Cấp thoát nước Khánh Hòa
1426,KIP,0,UP,Công ty cổ phần K.I.P Việt Nam
350,KKC,0,HA,Công ty Cổ phần Tập đoàn Thành Thái
397,KLB,0,UP,Ngân hàng Thương mại Cổ phần Kiên Long
1153,KLF,0,HA,Công ty Cổ phần Đầu tư Thương mại và Xuất nhập khẩu CFS
974,KLM,0,UP,Công ty Cổ phần Kim loại màu Nghệ Tĩnh
341,KMR,0,HO,Công ty Cổ phần MIRAE
512,KMT,0,HA,Công ty Cổ phần Kim khí Miền Trung 
1857,KOS,0,HO, Công ty Cổ phần Kosy
1345,KPF,0,HO,Công ty Cổ phần Đầu tư Tài chính Hoàng Minh
636,KSB,0,HO,Công ty Cổ phần Khoáng sản và Xây dựng Bình Dương
784,KSD,0,HA,Công ty Cổ phần Đầu tư DNA
2639,KSF,0,HA,Công ty Cổ phần Tập đoàn KSFinance
398,KSH,0,UP,Công ty Cổ phần Damac GLS
1151,KSQ,0,HA,Công ty Cổ phần CNC Capital Việt Nam
925,KST,0,HA,Công ty Cổ phần KASATI
1460,KSV,0,UP,Tổng Công ty Khoáng sản TKV - CTCP
1929,KTC,0,UP,Công ty cổ phần Thương mại Kiên Giang
1154,KTL,0,UP,Công ty Cổ phần Kim khí Thăng Long
995,KTS,0,HA,Công ty Cổ phần Đường Kon Tum 
938,KTT,0,HA,Công ty Cổ phần Tập đoàn Đầu tư KTT
1315,KVC,0,HA,Công ty cổ phần Sản xuất Xuất nhập khẩu Inox Kim Vĩ
286,L10,0,HO,Công ty Cổ phần Lilama 10
1627,L12,0,UP,Công ty Cổ phần Licogi 12
1058,L14,0,HA,Công ty Cổ phần LICOGI 14
330,L18,0,HA,Công ty Cổ phần Đầu tư và Xây dựng số 18
687,L35,0,HA,Công ty Cổ phần Cơ khí Lắp máy Lilama
2114,L40,0,HA,Công ty Cổ phần Đầu tư và Xây dựng 40
335,L43,0,HA,Công ty Cổ phần Lilama 45.3
632,L44,0,UP,Công ty Cổ phần Lilama 45.4
1515,L45,0,UP,Công ty Cổ phần Lilama 45.1
375,L61,0,HA,Công ty Cổ phần Lilama 69-1
329,L62,0,HA,Công ty Cổ phần Lilama 69-2
1524,L63,0,UP,Công ty Cổ phần Lilama 69-3
76,LAF,0,HO,Công ty Cổ phần Chế biến Hàng xuất khẩu Long An
1031,LAI,0,UP,Công ty Cổ phần Đầu tư Xây Dựng Long An IDICO
1089,LAS,0,HA,Công ty Cổ phần Supe Phốt phát và Hóa chất Lâm Thao
1366,LAW,0,UP,Công ty Cổ phần Cấp thoát nước Long An
1810,LBC,0,UP,Công ty Cổ phần Thương mại - Đầu tư Long Biên 
320,LBE,0,HA,Công ty Cổ phần Sách và Thiết bị Trường học Long An
77,LBM,0,HO,Công ty Cổ phần Khoáng sản và Vật liệu xây dựng Lâm Đồng
735,LCC,0,UP,Công ty Cổ phần Xi măng Hồng Phong
932,LCD,0,HA,Công ty Cổ phần Lắp máy Thí nghiệm Cơ Điện 
399,LCG,0,HO,Công ty Cổ phần LIZEN
1069,LCM,0,HO,Công ty Cổ phần Khai thác và Chế biến Khoáng sản Lào Cai
843,LCS,0,HA,Công ty Cổ phần Licogi 16.6
1551,LCW,0,UP,Công ty Cổ phần Nước sạch Lai Châu
1379,LDG,0,HO,Công ty Cổ phần Đầu tư LDG
788,LDP,0,HA,Công ty Cổ phần Dược Lâm Đồng - Ladophar
1940,LDW,0,UP,Công ty Cổ phần Cấp thoát nước Lâm Đồng
1501,LEC,0,HO,Công ty Cổ phần Bất động sản Điện lực Miền Trung
1847,LG9,0,UP,Công ty Cổ phần Cơ giới và Xây lắp số 9
78,LGC,0,HO,Công ty Cổ phần Đầu tư Cầu Đường CII
562,LGL,0,HO,Công ty Cổ phần Đầu tư và Phát triển Đô thị Long Giang
1186,LGM,0,UP,Công ty Cổ phần Giầy da và May mặc Xuất khẩu (LEGAMEX)
665,LHC,0,HA,Công ty Cổ phần Đầu tư và Xây dựng Thủy lợi Lâm Đồng 
601,LHG,0,HO,Công ty Cổ phần Long Hậu 
1537,LIC,0,UP,Tổng Công ty Licogi - CTCP
753,LIG,0,HA,Công ty Cổ phần Licogi 13
613,LIX,0,HO,Công ty Cổ phần Bột giặt Lix 
1076,LKW,0,UP,Công ty Cổ phần Cấp nước Long Khánh
1728,LLM,0,UP,Tổng công ty lắp máy Việt Nam - CTCP
368,LM3,0,UP,Công ty Cổ phần LILAMA 3
931,LM7,0,HA,Công ty Cổ phần Lilama 7 
956,LM8,0,HO,Công ty Cổ phần Lilama 18
1844,LMC,0,UP,Công ty Cổ phần Khoáng sản Latca 
1958,LMH,0,UP,Công ty Cổ phần Quốc Tế Holding
1666,LMI,0,UP,Công ty Cổ phần Đầu tư Xây dựng Lắp máy IDICO
2005,LNC,0,UP,Công ty Cổ phần Lệ Ninh
615,LO5,0,UP,Công ty Cổ phần LILAMA 5
1809,LPB,0,HO,Ngân hàng Thương mại cổ phần Bưu điện Liên Việt 
2945,LPB121035,0,HA,Trái phiếu Ngân hàng Bưu điện Liên Việt phát hành ra công chúng năm 2021
2946,LPB121036,0,HA,Trái phiếu Ngân hàng Bưu điện Liên Việt phát hành ra công chúng năm 2021
2947,LPB122010,0,HA,Trái phiếu Ngân hàng Bưu điện Liên Việt phát hành ra công chúng năm 2021
2948,LPB122011,0,HA,Trái phiếu Ngân hàng Bưu điện Liên Việt phát hành ra công chúng năm 2021
2534,LPT,0,UP,Công ty Cổ phần Thương mại và Sản xuất Lập Phương Thành
1419,LQN,0,UP,Công ty Cổ phần Licogi Quảng Ngãi
1168,LSG,0,UP,Công ty Cổ phần Bất động sản Sài Gòn Vi Na 
299,LSS,0,HO,Công ty Cổ phần Mía đường Lam Sơn
79,LTC,0,UP,Công ty Cổ phần Điện nhẹ Viễn Thông
1763,LTG,0,UP,Công ty Cổ phần Tập đoàn Lộc Trời 
298,LUT,0,HA,Công ty Cổ phần Đầu tư Xây dựng Lương Tài
1581,LWS,0,UP,Công ty Cổ phần cấp nước Tỉnh Lào Cai
2584,LYF,0,UP,Công ty Cổ phần Lương thực Lương Yên
1911,M10,0,UP,Tổng công ty May 10 - Công ty cổ phần 
2264,MA1,0,UP,Công ty cổ phần Thiết bị
635,MAC,0,HA,Công ty Cổ phần Cung ứng và Dịch vụ Kỹ thuật Hàng Hải 
536,MAS,0,HA,Công ty Cổ phần Dịch vụ Hàng không sân bay Đà Nẵng 
401,MBB,0,HO,Ngân hàng Thương mại Cổ phần Quân đội
1344,MBG,0,HA,Công ty Cổ phần Tập đoàn MBG
1816,MBN,0,UP,Công ty Cổ phần Môi trường và Công trình đô thị Bắc Ninh
1443,MBS,0,HA,Công ty Cổ phần Chứng khoán MB
746,MCC,0,HA,Công ty Cổ phần Gạch ngói cao cấp
1006,MCF,0,HA,Công ty Cổ phần Xây lắp Cơ khí và Lương thực thực phẩm
553,MCG,0,HO,Công ty Cổ phần Năng lượng và Bất động sản MCG
1646,MCH,0,UP,Công ty Cổ phần Hàng tiêu dùng MASAN
1383,MCI,0,UP,Công ty Cổ phần Đầu tư Xây dựng và Phát triển Vật liệu Idico
2466,MCM,0,UP,Công ty Cổ phần Giống bò sữa Mộc Châu
80,MCO,0,HA,Công ty Cổ phần Đầu tư & Xây dựng BDC Việt Nam
81,MCP,0,HO,Công ty Cổ phần In và Bao bì Mỹ Châu
1802,MDA,0,UP,Công ty Cổ phần Môi trường Đô thị Đông Anh 
505,MDC,0,HA,Công ty Cổ phần Than Mông Dương - VINACOMIN 
780,MDF,0,UP,Công ty Cổ phần Gỗ MDF VRG Quảng Trị
1001,MDG,0,HO,Công ty Cổ phần Miền Đông
83,MEC,0,UP,Công ty Cổ phần Cơ khí Lắp máy Sông Đà
1096,MED,0,HA,Công ty Cổ phần Dược Trung ương Mediplantex
980,MEF,0,UP,Công ty Cổ phần MEINFA
1814,MEL,0,HA,Công ty Cổ phần Thép Mê Lin 
1599,MES,0,UP,Công ty Cổ phần Cơ điện Công trình
1350,MFS,0,UP,Công ty Cổ phần Dịch vụ kỹ thuật Mobifone
1489,MGC,0,UP,Công ty Cổ phần Địa chất Mỏ - TKV
1755,MGG,0,UP,Tổng công ty Đức Giang - Công ty cổ phần 
2781,MGR,0,UP,Công ty Cổ phần Tập đoàn MGROUP
1380,MH3,0,UP,CTCP Khu Công nghiệp Cao su Bình Long
84,MHC,0,HO,Công ty Cổ phần MHC
606,MHL,0,HA,Công ty Cổ phần Minh Hữu Liên
292,MIC,0,UP,Công ty Cổ phần Kỹ nghệ Khoáng sản Quảng Nam
1811,MIE,0,UP,Tổng Công ty Máy và Thiết bị Công nghiệp - CTCP 
1740,MIG,0,HO,Tổng Công ty Cổ phần Bảo hiểm Quân Đội 
891,MIM,0,HA,Công ty Cổ phần Khoáng sản và Cơ khí
803,MKP,0,UP,Công ty Cổ phần Hoá - Dược phẩm Mekophar
439,MKV,0,HA,Công ty CP Dược Thú Y Cai Lậy
1626,MLC,0,UP,Công ty Cổ phần Môi trường đô thị Tỉnh Lào Cai
1541,MLS,0,UP,Công ty Cổ phần Chăn nuôi - Mitraco
2166,MML,0,UP,Công ty Cổ phần Masan MeatLife
2949,MML121021,0,HA,Trái phiếu MMLB2126001 của Công ty Cổ phần Masan Meatlife
1271,MNB,0,UP,Tổng Công ty May Nhà Bè - Công ty Cổ phần
1783,MND,0,UP,Công ty Cổ phần Môi trường Nam Định
85,MPC,0,UP,Công ty Cổ phần Tập đoàn Thuỷ sản Minh Phú
1396,MPT,0,UP,Công ty Cổ phần Tập đoàn MPT
1736,MPY,0,UP,Công ty Cổ phần Môi trường Đô thị Phú Yên 
1826,MQB,0,UP,Công ty cổ phần Môi trường và Phát triển đô thị Quảng Bình 
1961,MQN,0,UP,Công ty Cổ phần Môi trường Đô thị Quảng Ngãi 
1825,MRF,0,UP,Công ty cổ phần Merufa 
402,MSB,0,HO,Ngân hàng Thương mại Cổ phần Hàng Hải Việt Nam
369,MSH,0,HO,Công ty Cổ phần May Sông Hồng
585,MSN,0,HO,Công ty Cổ phần Tập đoàn Ma San
2950,MSN11906,0,HA,Trái phiếu MSNPO2022_01 của Công ty Cổ phần Tập đoàn Masan
2951,MSN120007,0,HA,Trái phiếu MSNH2023048 của Công ty Cổ phần Tập đoàn Masan
2952,MSN120008,0,HA,Trái phiếu MSNH2023049 của Công ty Cổ phần Tập đoàn Masan
2953,MSN120009,0,HA,Trái phiếu MSNH2023050 của Công ty Cổ phần Tập đoàn Masan
2954,MSN12001,0,HA,Trái phiếu BondMSN022023 của Công ty Cổ phần Tập đoàn Masan
2955,MSN120010,0,HA,Trái phiếu MSNH2023051 của Công ty Cổ phần Tập đoàn Masan
2956,MSN120011,0,HA,Trái phiếu MSNH2023052 của Công ty Cổ phần Tập đoàn Masan
2957,MSN120012,0,HA,Trái phiếu MSNH2023053 của Công ty Cổ phần Tập đoàn Masan
2958,MSN12002,0,HA,Trái phiếu BondMSN012023 của Công ty Cổ phần Tập đoàn Masan
2959,MSN12003,0,HA,Trái phiếu BondMSN032023 của Công ty Cổ phần Tập đoàn Masan
2960,MSN12005,0,HA,Trái phiếu Bond MSN042023 của Công ty Cổ phần Tập đoàn Masan
2961,MSN121013,0,HA, Trái phiếu MSNH2023054 của Công ty Cổ phần Tập đoàn Masan
2962,MSN121014,0,HA,Trái phiếu MSNH2023055 của Công ty Cổ phần Tập đoàn Masan
2963,MSN121015,0,HA,Trái phiếu MSNH2023056 của Công ty Cổ phần Tập đoàn Masan
1390,MSR,0,UP,Công ty Cổ phần Masan High-Tech Materials
2964,MSR11808,0,HA, Trái phiếu MSR112023 của Công ty Cổ phần Masan High-Tech Materials
1461,MST,0,HA,Công ty Cổ phần Đầu tư MST
1362,MTA,0,UP,Tổng Công ty Khoáng sản và Thương mại Hà Tĩnh - CTCP 
2416,MTB,0,UP,Công ty Cổ phần Môi trường và Công trình Đô thị tỉnh Thái Bình
1067,MTC,0,UP,Công ty Cổ phần Dịch vụ Du lịch Mỹ Trà
466,MTG,0,UP,Công ty Cổ phần MT Gas
513,MTH,0,UP,Công ty Cổ phần Môi trường đô thị Hà Đông
1469,MTL,0,UP,Công ty Cổ phần Dịch vụ Môi trường Đô thị Từ Liêm
896,MTP,0,UP,Công ty Cổ phần Dược Medipharco
1618,MTS,0,UP,Công ty Cổ phần Vật tư - TKV
1712,MTV,0,UP,Công ty Cổ phần Dịch vụ Môi trường và Công trình Đô thị Vũng Tàu
1486,MVB,0,HA,Tổng Công ty Công nghiệp Mỏ Việt Bắc TKV - CTCP
1706,MVC,0,UP,Công ty Cổ phần Vật liệu và Xây dựng Bình Dương
2018,MVN,0,UP,Tổng công ty Hàng hải Việt Nam - Công ty Cổ phần
1146,MWG,0,HO,Công ty Cổ phần Đầu tư Thế giới Di động
404,NAB,0,UP,Ngân hàng Thương mại Cổ phần Nam Á
1234,NAC,0,UP,Công ty Cổ phần Tư vấn Xây dựng Tổng hợp
1393,NAF,0,HO,Công ty Cổ phần Nafoods Group
542,NAG,0,HA,Công ty Cổ phần Tập Đoàn Nagakawa
1400,NAP,0,HA,Công ty Cổ phần Cảng Nghệ Tĩnh
1208,NAS,0,UP,Công ty Cổ phần Dịch vụ Hàng không Sân bay Nội Bài
1912,NAU,0,UP,Công ty Cổ phần Môi trường và Công trình đô thị Nghệ An
86,NAV,0,HO,Công ty Cổ phần Nam Việt
1775,NAW,0,UP,Công ty Cổ phần Cấp nước Nghệ An 
405,NBB,0,HO,Công ty Cổ phần Đầu tư Năm bảy bảy
87,NBC,0,HA,Công ty Cổ phần Than núi Béo – Vinacomin
1787,NBE,0,UP,Công ty Cổ phần Sách và Thiết bị giáo dục miền Bắc
510,NBP,0,HA,Công ty Cổ phần Nhiệt điện Ninh Bình 
1466,NBT,0,UP,Công ty Cổ phần Cấp thoát nước Bến Tre
700,NBW,0,HA,Công ty Cổ phần Cấp nước Nhà Bè
833,NCS,0,UP,Công ty Cổ phần Suất ăn Hàng không Nội Bài
1283,NCT,0,HO,Công ty Cổ phần Dịch vụ Hàng hoá Nội Bài
865,ND2,0,UP,Công ty Cổ phần Đầu tư và Phát triển điện Miền Bắc 2
703,NDC,0,UP,Công ty Cổ phần Nam Dược
1251,NDF,0,UP,CTCP Chế biến thực phẩm nông sản xuất khẩu Nam Định
1024,NDN,0,HA,Công ty Cổ phần Đầu tư Phát triển Nhà Đà Nẵng
1407,NDP,0,UP,CÔNG TY CỔ PHẦN DƯỢC PHẨM 2/9
1998,NDT,0,UP,Tổng Công ty Cổ phần Dệt May Nam Định 
2067,NDW,0,UP,Công ty Cổ phần Cấp nước Nam Định
1152,NDX,0,HA,Công ty Cổ phần Xây lắp Phát triển Nhà Đà Nẵng
1180,NED,0,UP,Công ty Cổ phần Đầu tư và Phát triển Điện Tây Bắc
902,NET,0,HA,Công ty Cổ phần Bột giặt Net
1185,NFC,0,HA,Công ty Cổ phần Phân lân Ninh Bình 
324,NGC,0,UP,Công ty Cổ phần Chế biến Thủy sản Xuất khẩu Ngô Quyền
847,NHA,0,HO,Tổng Công ty Đầu tư Phát triển nhà và Đô thị Nam Hà Nội
88,NHC,0,HA,Công ty Cổ phần Gạch ngói Nhị Hiệp
1762,NHH,0,HO,Công ty Cổ phần Nhựa Hà Nội 
1311,NHP,0,UP,Công ty Cổ Phần Sản xuất Xuất nhập khẩu NHP
1716,NHT,0,HO,Công ty Cổ phần Sản xuất và Thương mại Nam Hoa 
1637,NHV,0,UP,Công ty Cổ phần Sức khỏe Hồi sinh Việt Nam
2290,NJC,0,UP,Công ty cổ phần May Nam Định
1004,NKG,0,HO,Công ty Cổ phần Thép Nam Kim
1135,NLG,0,HO,Công ty Cổ phần Đầu tư Nam Long
1500,NLS,0,UP,Công ty Cổ phần Cấp thoát nước Lạng Sơn
817,NNC,0,HO,Công ty Cổ phần Đá Núi Nhỏ
1229,NNG,0,UP,Công ty Cổ phần Công nghiệp - Dịch vụ - Thương mại Ngọc Nghĩa
783,NNT,0,UP,Công ty Cổ phần Cấp nước Ninh Thuận
941,NOS,0,UP,Công ty Cổ phần Vận tải biển và Thương mại Phương Đông
2965,NPM11805,0,HA,Trái phiếu NPM082023 của Công ty TNHH Khai thác Chế biến Khoáng sản Núi Pháo
2966,NPM11907,0,HA,Trái phiếu NPMPO2022_01 của Công ty TNHH Khai thác Chế biến Khoáng sản Núi Pháo
2967,NPM11911,0,HA,Trái phiếu NPM052024 của Công ty TNHH Khai thác Chế biến Khoáng sản Núi Pháo
1363,NQB,0,UP,Công ty Cổ phần Cấp nước Quảng Bình
1914,NQN,0,UP,Công ty Cổ phần nước sạch Quảng Ninh
1595,NQT,0,UP,Công ty Cổ phần Nước sạch Quảng Trị
1899,NRC,0,HA,Công ty Cổ phần Tập đoàn Danh Khôi
1544,NS2,0,UP,Công ty Cổ phần Nước sạch số 2 Hà Nội
92,NSC,0,HO,Công ty Cổ phần Tập đoàn Giống cây trồng Việt Nam 
1468,NSG,0,UP,Công ty Cổ phần Nhựa Sài Gòn
1805,NSH,0,HA,Công ty Cổ phần Tập đoàn Nhôm Sông Hồng Shalumi
1748,NSL,0,UP,Công ty Cổ phần Cấp nước Sơn La
2022,NSS,0,UP,Công ty Cổ phần Nông Súc Sản Đồng Nai 
93,NST,0,HA,Công ty Cổ phần Ngân Sơn
653,NT2,0,HO,Công ty Cổ phần Điện lực Dầu khí Nhơn Trạch 2
807,NTB,0,UP,Công ty Cổ phần Đầu tư Xây dựng và Khai thác Công trình Giao thông 584 
1307,NTC,0,UP,Công ty Cổ phần Khu Công nghiệp Nam Tân Uyên 
1797,NTF,0,UP,Công ty Cổ phần Dược - Vật tư Y tế Nghệ An 
2049,NTH,0,HA,Công ty Cổ phần Thủy điện Nước Trong 
274,NTL,0,HO,Công ty Cổ phần Phát triển Đô thị Từ Liêm
94,NTP,0,HA,Công ty Cổ phần Nhựa Thiếu niên Tiền Phong
1300,NTT,0,UP,Công ty Cổ Phần Dệt – May Nha Trang
1070,NTW,0,UP,Công ty Cổ phần Cấp nước Nhơn Trạch 
1608,NUE,0,UP,Công ty Cổ phần Môi trường Đô thị Nha Trang
406,NVB,0,HA,Ngân hàng Thương mại Cổ phần Quốc dân 
1631,NVL,0,HO,Công ty Cổ phần Tập đoàn Đầu tư Địa ốc No Va
2968,NVL122001,0,HA,Trái phiếu NVLB2123012 của Công ty Cổ phần Tập đoàn Đầu tư Địa ốc No Va
1568,NVP,0,UP,Công ty Cổ phần nước sạch Vĩnh Phúc
795,NVT,0,HO,Công ty Cổ phần Bất động sản Du lịch Ninh Vân Bay
1342,NWT,0,UP,Công ty cổ phần Vận tải Newway 
2406,NXT,0,UP,Công ty Cổ phần Sản xuất và Cung ứng Vật liệu Xây dựng Kon Tum
407,OCB,0,HO,Ngân hàng Thương mại Cổ phần Phương Đông
918,OCH,0,HA,Công ty cổ phần One Capital Hospitality
2739,ODE,0,UP,Công ty Cổ phần Tập đoàn Truyền thông và Giải trí ODE
778,OGC,0,HO,Công ty Cổ phần Tập đoàn Đại Dương
1923,OIL,0,UP,Tổng công ty Dầu Việt Nam- Công ty Cổ phần
338,ONE,0,HA,Công ty Cổ phần Truyền thông số 1
1662,ONW,0,UP,Công ty Cổ phần Dịch vụ Một thế giới
371,OPC,0,HO,Công ty Cổ phần Dược phẩm OPC
849,ORS,0,HO,Công ty Cổ phần Chứng khoán Tiên Phong
95,PAC,0,HO,Công ty Cổ phần Pin Ắc quy Miền Nam
1665,PAI,0,UP,"Công ty Cổ phần Công nghệ thông tin, Viễn thông và Tự động hóa Dầu khí"
96,PAN,0,HO,Công ty Cổ phần Tập đoàn Pan
1218,PAP,0,UP,Công ty Cổ phần Dầu khí Đầu tư khai thác cảng Phước An 
2036,PAS,0,UP,Công ty Cổ phần Quốc tế Phương Anh 
2804,PAT,0,UP,Công ty Cổ phần Phốt Pho Apatit Việt Nam
1206,PBC,0,UP,Công ty Cổ phần Dược phẩm Trung ương I-Pharbaco
1299,PBP,0,HA,Công ty Cổ phần Bao bì Dầu khí Việt Nam
1759,PBT,0,UP,Công ty Cổ phần Nhà và Thương mại Dầu khí 
1574,PC1,0,HO,Công ty cổ phần Tập đoàn PC1
1837,PCC,0,UP,Công ty Cổ phần Xây lắp 1 - Petrolimex 
1351,PCE,0,HA,Công ty Cổ phần Phân bón và Hóa chất Dầu khí Miền Trung
1701,PCF,0,UP,Công ty Cổ phần Cà phê Petec
992,PCG,0,HA,Công ty Cổ phần Đầu tư Phát triển Gas Đô thị
2829,PCH,0,HA,Công ty Cổ phần Nhựa Picomat
1796,PCM,0,UP,Công ty Cổ phần Vật liệu xây dựng Bưu điện
1403,PCN,0,UP,Công ty Cổ phần Hóa phẩm Dầu khí DMC - Miền Bắc
871,PCT,0,HA,CTCP Vận tải Khí và Hóa chất Việt Nam
1343,PDB,0,HA,Công ty cổ phần Tập đoàn Đầu tư Din Capital
559,PDC,0,UP,Công ty Cổ phần Du lịch Dầu khí Phương Đông
775,PDN,0,HO,Công ty Cổ phần Cảng Đồng Nai
875,PDR,0,HO,Công ty Cổ phần Phát triển Bất động sản Phát Đạt
1729,PDV,0,UP,Công ty Cổ phần Vận tải và Tiếp vận Phương Đông Việt
898,PEC,0,UP,Công ty Cổ phần Cơ khí Điện lực
1948,PEG,0,UP,Tổng Công ty Thương mại Kỹ thuật và Đầu tư - Công ty Cổ phần 
1194,PEN,0,HA,Công ty Cổ phần Xây lắp III Petrolimex 
776,PEQ,0,UP,Công ty Cổ phần Thiết bị Xăng dầu Petrolimex
226,PET,0,HO,Tổng Công ty Cổ phần Dịch vụ Tổng hợp Dầu khí
953,PFL,0,UP,Công ty Cổ phần Dầu khí Đông Đô
2478,PGB,0,UP,Ngân hàng Thương mại cổ phần Xăng dầu Petrolimex
97,PGC,0,HO,Tổng Công ty Gas Petrolimex - Công ty Cổ phần
603,PGD,0,HO,Công ty Cổ phần Phân phối khí thấp áp dầu khí Việt Nam 
1047,PGI,0,HO,Tổng Công ty Cổ phần Bảo hiểm Petrolimex
2038,PGN,0,HA,Công ty Cổ phần Phụ Gia Nhựa 
258,PGS,0,HA,Công ty Cổ phần Kinh doanh Khí Miền Nam
622,PGT,0,HA,Công ty Cổ phần PGT Holdings
1930,PGV,0,HO,Tổng Công ty Phát điện 3 – Công ty Cổ phần
584,PHC,0,HO,Công ty Cổ phần Xây dựng Phục Hưng Holdings 
722,PHH,0,UP,Công ty Cổ phần Hồng Hà Việt Nam
366,PHN,0,HA,Công ty Cổ phần Pin Hà Nội
1337,PHP,0,HA,Công ty Cổ phần Cảng Hải Phòng 
518,PHR,0,HO,Công ty Cổ phần Cao su Phước Hòa 
821,PHS,0,UP,Công ty Cổ phần Chứng khoán Phú Hưng
1625,PIA,0,HA,Công ty Cổ phần Tin học Viễn thông Petrolimex
997,PIC,0,HA,Công ty Cổ phần Đầu tư Điện lực 3
1120,PID,0,UP,Công ty Cổ phần Trang trí Nội thất Dầu khí
1415,PIS,0,UP,Tổng Công ty PISICO Bình Định - Công ty Cổ phần
304,PIT,0,HO,Công ty Cổ phần Xuất nhập khẩu Petrolimex
888,PIV,0,UP,Công ty Cổ phần PIV
98,PJC,0,HA,Công ty Cổ phần Thương mại và Vận tải Petrolimex Hà Nội
1078,PJS,0,UP,Công ty Cổ phần Cấp nước Phú Hòa Tân
99,PJT,0,HO,Công ty Cổ phần Vận tải Xăng dầu Đường Thủy Petrolimex
1880,PLA,0,UP,Công ty cổ phần Đầu tư và Dịch vụ Hạ tầng Xăng Dầu
100,PLC,0,HA,Tổng Công ty Hóa dầu Petrolimex - CTCP
2490,PLE,0,UP,Công ty Cổ phần Tư vấn Xây dựng Petrolimex
2106,PLO,0,UP,Công ty Cổ phần Kho Vận Petec
1821,PLP,0,HO,Công ty Cổ phần Sản xuất và Công nghệ Nhựa Pha Lê 
1479,PLX,0,HO,Tập đoàn Xăng dầu Việt Nam
1389,PMB,0,HA,Công ty Cổ phần Phân bón và Hóa chất Dầu khí Miền Bắc
558,PMC,0,HA,Công ty Cổ phần Dược phẩm Dược liệu Pharmedic 
1910,PMG,0,HO,Công ty cổ phần Đầu tư và Sản xuất Petro Miền Trung 
1261,PMJ,0,UP,Công ty Cổ phần Vật tư Bưu Điện
1353,PMP,0,HA,Công ty Cổ phần Bao bì đạm Phú Mỹ
101,PMS,0,HA,Công ty Cổ phần Cơ khí Xăng dầu
851,PMT,0,UP,Công ty Cổ phần Viễn thông Telvina Việt Nam
2080,PMW,0,UP,Công ty Cổ phần Cấp nước Phú Mỹ
102,PNC,0,HO,Công ty Cổ phần Văn hoá Phương Nam
1681,PND,0,UP,Công ty Cổ phần Xăng dầu Dầu khí Nam Định
1175,PNG,0,UP,Công ty Cổ phần Thương mại Phú Nhuận
465,PNJ,0,HO,Công ty Cổ phần Vàng bạc đá quý Phú Nhuận
1173,PNP,0,UP,Công ty Cổ phần Tân Cảng - Phú Hữu
473,PNT,0,UP,Công ty Cổ phần Kỹ thuật Xây dựng Phú Nhuận
1836,POB,0,UP,Công ty cổ phần Xăng dầu Dầu khí Thái Bình 
768,POM,0,HO,Công ty Cổ Phần thép Pomina 
1564,POS,0,UP,"Công ty Cổ phần Dịch vụ Lắp đặt, Vận hành và Bảo dưỡng Công trình Dầu khí biển PTSC"
103,POT,0,HA,Công ty Cổ phần Thiết bị Bưu điện 
903,POV,0,UP,Công ty Cổ phần Xăng dầu Dầu khí Vũng Áng
1925,POW,0,HO,Tổng công ty Điện lực Dầu khí Việt Nam- CTCP
104,PPC,0,HO,Công ty Cổ phần Nhiệt điện Phả Lại
1053,PPE,0,HA,Công ty Cổ phần Tư vấn Điện lực Dầu khí Việt Nam
1198,PPH,0,UP,Tổng công ty cổ phần Phong Phú
760,PPI,0,UP,Công ty Cổ phần Đầu tư và Phát triển Dự án Hạ tầng Thái Bình Dương
497,PPP,0,HA,Công ty Cổ phần Dược phẩm Phong phú 
998,PPS,0,HA,Công ty Cổ phần Dịch vụ Kỹ thuật Điện lực Dầu khí Việt Nam
2793,PPT,0,UP,Công ty Cổ phần Petro Times
1278,PPY,0,HA,Công ty Cổ phần Xăng dầu Dầu khí Phú Yên
2060,PQN,0,UP,Công ty Cổ phần Dịch vụ Dầu khí Quảng Ngãi PTSC 
957,PRC,0,HA,Công ty Cổ phần Logistics PORTSERCO
2173,PRE,0,HA,Tổng công ty Cổ phần Tái bảo hiểm PVI
1183,PRO,0,UP,Công ty Cổ phần Procimex Việt Nam
1954,PRT,0,UP,Tổng công ty Sản xuất - Xuất nhập khẩu Bình Dương – Công ty cổ phần
690,PSB,0,UP,Công ty Cổ phần Đầu tư Dầu khí Sao Mai - Bến Đình
107,PSC,0,HA,Công ty Cổ phần Vận tải và Dịch vụ Petrolimex Sài Gòn
1150,PSD,0,HA,Công ty Cổ phần Dịch vụ Phân phối Tổng hợp Dầu khí
1118,PSE,0,HA,CTCP Phân bón và Hóa chất Dầu khí Đông Nam Bộ
1010,PSG,0,UP,Công ty Cổ phần Đầu tư và Xây lắp Dầu khí Sài Gòn
2208,PSH,0,HO,Công ty cổ phần Thương mại Đầu tư Dầu khí Nam Sông Hậu
859,PSI,0,HA,Công ty Cổ phần Chứng khoán Dầu khí
709,PSL,0,UP,Công ty Cổ phần Chăn nuôi Phú Sơn
1585,PSN,0,UP,Công ty Cổ phần Cảng Dịch vụ Dầu khí Tổng hợp PTSC Thanh Hóa
581,PSP,0,UP,Công ty Cổ phần Cảng dịch vụ Dầu khí Đình Vũ
1207,PSW,0,HA,Công ty Cổ phần Phân bón và Hóa chất dầu khí Tây Nam Bộ
1015,PTB,0,HO,Công ty Cổ phần Phú Tài
108,PTC,0,HO,Công ty Cổ phần Đầu tư iCapital
942,PTD,0,HA,Công ty Cổ phần Thiết kế Xây dựng Thương mại Phúc Thịnh
1034,PTE,0,UP,Công ty Cổ phần Xi măng Phú Thọ
595,PTG,0,UP,Công ty Cổ phần May Xuất khẩu Phan Thiết
702,PTH,0,UP,Công ty Cổ phần Vận tải và Dịch vụ Petrolimex Hà tây
411,PTI,0,HA,Tổng Công ty Cổ phần Bảo hiểm Bưu điện
912,PTL,0,HO,Công ty Cổ phần Victory Capital
1727,PTO,0,UP,Công ty Cổ phần Dịch vụ - Xây dựng công trình Bưu điện 
596,PTP,0,UP,Công ty Cổ phần Dịch vụ Viễn thông và In Bưu Điện
109,PTS,0,HA,Công ty Cổ phần Vận tải và Dịch vụ Petrolimex Hải Phòng
786,PTT,0,UP,Công ty Cổ phần Vận tải Dầu khí Đông Dương
1535,PTV,0,UP,Công ty Cổ phần Thương mại Dầu khí
1927,PTX,0,UP,Công ty cổ phần Vận tải và Dịch vụ Petrolimex Nghệ Tĩnh 
976,PV2,0,HA,Công ty Cổ phần Đầu tư PV2 
453,PVA,0,UP,Công ty cổ phần Tổng Công ty Xây lắp Dầu khí Nghệ An
1072,PVB,0,HA,Công ty Cổ phần Bọc ống Dầu khí Việt Nam
256,PVC,0,HA,Tổng công ty Hóa chất và Dịch vụ Dầu khí - CTCP
110,PVD,0,HO,Công ty Cổ phần Khoan và Dịch vụ Khoan Dầu khí
296,PVE,0,UP,Tổng Công ty Tư vấn Thiết kế Dầu khí - Công ty Cổ phần
457,PVG,0,HA,Công ty cổ phần Kinh doanh LPG Việt Nam
1615,PVH,0,UP,Công ty Cổ phần Xây lắp Dầu khí Thanh Hóa
214,PVI,0,HA,Công ty Cổ phần PVI
765,PVL,0,HA,Công ty Cổ phần Đầu tư Nhà đất Việt
1602,PVM,0,UP,Công ty Cổ phần Máy - Thiết bị Dầu khí
1367,PVO,0,UP,Công ty Cổ phần Dầu nhờn PV OIL
1210,PVP,0,UP,Công ty Cổ phần Vận tải Dầu khí Thái Bình Dương
829,PVR,0,UP,Công ty Cổ phần Đầu tư PVR Hà Nội
216,PVS,0,HA,Tổng Công ty Cổ phần Dịch vụ Kỹ thuật Dầu khí Việt Nam
267,PVT,0,HO,Tổng công ty Cổ phần Vận tải Dầu khí
901,PVV,0,UP,Công ty cổ phần Vinaconex 39
532,PVX,0,UP,Tổng Công ty Cổ phần Xây lắp Dầu khí Việt Nam 
1747,PVY,0,UP,Công ty Cổ phần Chế tạo Giàn khoan Dầu khí 
2021,PWA,0,UP,Công ty cổ phần Bất động sản Dầu khí 
1733,PWS,0,UP,Công ty Cổ phần Cấp thoát nước Phú Yên
929,PX1,0,UP,Công ty Cổ phần Xi măng Sông Lam 2
1014,PXA,0,UP,Công ty Cổ phần Đầu tư và Thương mại Dầu khí Nghệ An
1090,PXC,0,UP,Công ty Cổ phần Phát triển Đô thị Dầu khí
824,PXI,0,UP,Công ty Cổ phần Xây dựng Công nghiệp và Dân dụng Dầu khí
962,PXL,0,UP,Công ty Cổ phần Đầu tư Khu công nghiệp Dầu khí Long Sơn
822,PXM,0,UP,Công ty Cổ phần Xây lắp Dầu khí miền Trung
818,PXS,0,UP,Công ty Cổ phần Kết cấu Kim loại và Lắp máy Dầu khí
814,PXT,0,UP,Công ty Cổ phần Xây lắp Đường ống Bể chứa Dầu khí
1276,QBS,0,HO,Công ty Cổ phần Xuất nhập khẩu Quảng Bình
919,QCC,0,UP,Công ty Cổ phần Đầu tư Xây dựng và Phát triền hạ tầng viễn thông
877,QCG,0,HO,Công ty Cổ phần Quốc Cường Gia Lai
715,QHD,0,HA,Công ty Cổ phần Que hàn điện Việt Đức 
1616,QHW,0,UP,Công ty Cổ phần Nước khoáng Quảng Ninh
1845,QLD,0,UP,Công ty cổ phần Quản lý và Xây dựng Giao thông Lạng Sơn 
1726,QLT,0,UP,CÔNG TY CỔ PHẦN QUẢN LÝ BẢO TRÌ ĐƯỜNG THỦY NỘI ĐỊA SỐ 10
269,QNC,0,UP,Công ty Cổ phần Xi măng và Xây dựng Quảng Ninh
1258,QNS,0,UP,Công ty Cổ phần Đường Quảng Ngãi
2179,QNT,0,UP,Công ty Cổ phần Tư vấn và Đầu tư phát triển Quảng Nam
1648,QNU,0,UP,Công ty Cổ phần Môi trường Đô thị Quảng Nam
1542,QNW,0,UP,Công ty Cổ phần Cấp thoát nước và xây dựng Quảng Ngãi
1219,QPH,0,UP,Công ty Cổ phần Thủy điện Quế Phong
1411,QSP,0,UP,Công ty Cổ phần Tân Cảng Quy Nhơn
443,QST,0,HA,Công ty Cổ phần Sách và Thiết bị trường học Quảng Ninh
464,QTC,0,HA,Công ty Cổ phần Công trình Giao thông Vận tải Quảng Nam
1683,QTP,0,UP,Công ty Cổ phần Nhiệt điện Quảng Ninh
111,RAL,0,HO,Công ty Cổ phần Bóng đèn Phích nước Rạng Đông
1496,RAT,0,UP,Công ty Cổ phần Vận tải và Thương mại Đường sắt
797,RBC,0,UP,Công ty Cổ phần Công nghiệp và Xuất nhập khẩu Cao su
1293,RCC,0,UP,Công ty Cổ phần Tổng Công ty Công trình Đường Sắt
1301,RCD,0,UP,Công ty Cổ phần Xây dựng - Địa ốc Cao su
232,RCL,0,HA,Công ty Cổ phần Địa ốc Chợ Lớn
534,RDP,0,HO,Công ty Cổ phần Rạng Đông Holding
203,REE,0,HO,Công ty Cổ phần Cơ điện lạnh
1749,RGC,0,UP,Công ty Cổ phần Đầu tư PV - Inconess 
227,RIC,0,UP,Công ty Cổ phần Quốc tế Hoàng Gia
1527,ROS,0,HO,Công ty Cổ phần Xây dựng FLC FAROS
1572,RTB,0,UP,Công ty Cổ phần Cao su Tân Biên
307,S12,0,UP,Công ty Cổ phần Sông Đà 12
885,S27,0,UP,Công ty cổ phần Sông Đà 27
1412,S4A,0,HO,Công ty Cổ phần Thủy điện Sê San 4A
114,S55,0,HA,Công ty Cổ phần Sông Đà 5.05
1903,S72,0,UP,Công ty Cổ phần Sông Đà 7.02
502,S74,0,UP,Công ty Cổ phần Sông Đà 7.04
300,S96,0,UP,Công ty Cổ phần Sông Đà 9.06
117,S99,0,HA,Công ty Cổ phần SCI
1125,SAB,0,HO,Tổng Công ty Cổ phần Bia – Rượu – Nước giải khát Sài Gòn
1032,SAC,0,UP,Công ty Cổ phần Xếp dỡ và Dịch vụ Cảng Sài Gòn
118,SAF,0,HA,Công ty Cổ phần Lương thực Thực phẩm Safoco
1546,SAL,0,UP,Công ty Cổ phần trục vớt Cứu hộ Việt Nam
119,SAM,0,HO,Công ty Cổ phần SAM HOLDINGS
120,SAP,0,UP,Công ty Cổ phần In sách giáo khoa Tp.Hồ Chí Minh
1319,SAS,0,UP,Công ty Cổ phần Dịch vụ Hàng Không Sân Bay Tân Sơn Nhất
121,SAV,0,HO,Công ty Cổ phần Hợp tác Kinh tế và Xuất nhập khẩu Savimex
1621,SB1,0,UP,Công ty Cổ phần Bia Sài Gòn - Nghệ Tĩnh
773,SBA,0,HO,Công ty Cổ phần Sông Ba
1601,SBD,0,UP,Công ty Cổ phần Công nghệ Sao Bắc Đẩu
1928,SBH,0,UP,Công ty Cổ phần Thủy điện Sông Ba Hạ
1650,SBL,0,UP,Công ty Cổ phần Bia Sài Gòn - Bạc Liêu
1828,SBM,0,UP,Công ty cổ phần Đầu tư Phát triển Bắc Minh
2077,SBR,0,UP,Công ty Cổ phần Cao su Sông Bé
582,SBS,0,UP,Công ty Cổ phần Chứng khoán SBS
322,SBT,0,HO,Công ty Cổ phần Thành Thành Công - Biên Hòa
2969,SBT121002,0,HA, Trái phiếu SBTB2124001 của Công ty Cổ phần Thành Thành Công-Biên Hòa
1723,SBV,0,HO,Công ty cổ phần Siam Brothers Việt Nam 
237,SC5,0,HO,Công ty Cổ phần Xây dựng Số 5
2275,SCA,0,UP,Công ty cổ phần Nông nghiệp Sông Con
122,SCC,0,UP,Công ty Cổ phần Thương mại Đầu tư SHB
123,SCD,0,HO,Công ty Cổ phần Nước giải khát Chương Dương
2467,SCG,0,HA,Công ty Cổ phần Tập đoàn Xây dựng SCG
1221,SCI,0,HA,Công ty Cổ phần SCI E&C
217,SCJ,0,UP,Công ty Cổ phần Xi măng Sài Sơn
890,SCL,0,UP,Công ty Cổ phần Sông Đà Cao Cường
612,SCO,0,UP,Công ty Cổ phần Công nghiệp Thủy sản 
950,SCR,0,HO,Công ty Cổ phần Địa ốc Sài Gòn Thương Tín
1789,SCS,0,HO,Công ty Cổ phần Dịch vụ Hàng hóa Sài Gòn 
2585,SCV,0,UP,Công ty TNHH Một thành viên Muối Việt Nam
1822,SCY,0,UP,Công ty cổ phần Đóng tàu Sông Cấm 
862,SD1,0,UP,Công ty Cổ phần Sông Đà 1
265,SD2,0,UP,Công ty Cổ phần Sông Đà 2
124,SD3,0,UP,Công ty Cổ phần Sông Đà 3
339,SD4,0,HA,Công ty Cổ Phần Sông Đà 4
125,SD5,0,HA,Công ty Cổ phần Sông Đà 5
126,SD6,0,HA,Công ty Cổ phần Sông Đà 6
127,SD7,0,UP,Công ty Cổ phần Sông Đà 7
441,SD8,0,UP,Công ty Cổ phần Sông Đà 8
128,SD9,0,HA,Công ty Cổ phần Sông Đà 9
129,SDA,0,HA,Công ty Cổ phần Simco Sông Đà
699,SDB,0,UP,Công ty Cổ phần Sông Đà 207
130,SDC,0,HA,Công ty Cổ phần Tư vấn Sông Đà
312,SDD,0,UP,Công ty Cổ phần Đầu tư và Xây lắp Sông Đà
629,SDG,0,HA,Công ty Cổ phần Sadico Cần Thơ
289,SDJ,0,UP,Công ty Cổ phần Sông Đà 25
895,SDK,0,UP,Công ty Cổ phần Cơ khí Luyện Kim
131,SDN,0,HA,Công ty Cổ phần Sơn Đồng Nai
481,SDP,0,UP,Công ty Cổ phần SDP
132,SDT,0,HA,Công ty Cổ phần Sông Đà 10
552,SDU,0,HA,Công ty Cổ phần Đầu tư Xây dựng và Phát triển Đô thị Sông Đà
986,SDV,0,UP,Công ty Cổ phần Dịch vụ Sonadezi
1358,SDX,0,UP,Công ty Cổ phần Phòng cháy Chữa cháy và Đầu tư Xây dựng Sông Đà 
133,SDY,0,UP,Công ty Cổ phần Xi măng Sông Đà Yaly
1624,SEA,0,UP,Tổng Công ty Thủy sản Việt Nam - Công ty Cổ phần
467,SEB,0,HA,Công ty Cổ phần Đầu tư và Phát triển Điện Miền Trung
528,SED,0,HA,Công ty Cổ phần Đầu tư và Phát triển Giáo dục Phương Nam 
1675,SEP,0,UP,Công ty Cổ phần Tổng Công ty Thương mại Quảng Trị
134,SFC,0,HO,Công ty Cổ phần Nhiên liệu Sài Gòn
1263,SFG,0,HO,Công ty Cổ phần Phân bón Miền Nam
135,SFI,0,HO,Công ty Cổ phần Đại lý vận tải SAFI
136,SFN,0,HA,Công ty Cổ phần Dệt Lưới Sài Gòn
418,SGB,0,UP,Ngân hàng Thương mại Cổ phần Sài Gòn Công thương
137,SGC,0,HA,Công ty Cổ phần Xuất nhập khẩu Sa Giang
138,SGD,0,HA,Công ty Cổ phần Sách Giáo dục tại Tp.HCM
139,SGH,0,HA,Công ty Cổ phần Khách sạn Sài gòn
2563,SGI,0,UP,Công ty Cổ phần Đầu tư Phát triển Sài Gòn 3 Group
1374,SGN,0,HO,Công ty Cổ phần Phục vụ Mặt đất Sài Gòn
1429,SGO,0,UP,Công ty Cổ phần Dầu thực vật Sài Gòn
1364,SGP,0,UP,Công ty Cổ phần Cảng Sài Gòn
1241,SGR,0,HO,Công ty Cổ phần Tổng công ty Cổ phần Địa ốc Sài Gòn
866,SGS,0,UP,Công ty Cổ phần Vận tải biển Sài Gòn
306,SGT,0,HO,Công ty Cổ phần Công nghệ Viễn thông Sài Gòn
1128,SHA,0,HO,Công ty Cổ phần Sơn Hà Sài Gòn
471,SHB,0,HO,Ngân hàng Thương mại Cổ phần Sài Gòn – Hà Nội
140,SHC,0,UP,Công ty Cổ phần Hàng hải Sài Gòn
2044,SHE,0,HA,Công ty Cổ phần Phát triển năng lượng Sơn Hà 
1317,SHG,0,UP,Tổng Công ty Cổ phần Sông Hồng
642,SHI,0,HO,Công ty Cổ phần Quốc tế Sơn Hà 
626,SHN,0,HA,Công ty Cổ phần Đầu tư Tổng hợp Hà Nội
905,SHP,0,HO,Công ty Cổ phần Thủy điện Miền Nam
419,SHS,0,HA,Công ty Cổ phần Chứng khoán Sài Gòn – Hà Nội
1449,SHX,0,UP,Công ty Cổ phần Sài Gòn Hỏa xa
218,SIC,0,HA,Công ty cổ phần ANI 
1305,SID,0,UP,Công ty Cổ phần Đầu tư Phát triển SAIGON CO.OP
1384,SIG,0,UP,Công ty Cổ phần Đầu tư và Thương mại Sông Đà
1114,SII,0,HO,CTCP Đầu tư Hạ tầng Nước Sài Gòn
2057,SIP,0,UP, Công ty Cổ phần Đầu tư Sài Gòn VRG 
1651,SIV,0,UP,Công ty Cổ phần SIVICO
142,SJ1,0,HA,Công ty Cổ phần Nông nghiệp Hùng Hậu
261,SJC,0,UP,Công ty Cổ phần Sông Đà 1.01
143,SJD,0,HO,Công ty Cổ phần Thủy điện Cần Đơn
144,SJE,0,HA,Công ty Cổ phần Sông Đà 11
1591,SJF,0,HO,Công ty Cổ phần Đầu tư Sao Thái Dương
1932,SJG,0,UP,Tổng công ty Sông Đà - Công ty Cổ phần
303,SJM,0,UP,Công ty Cổ phần Sông Đà 19
145,SJS,0,HO,Công ty Cổ phần Đầu tư Đô thị và Khu Công nghiệp Sông Đà
1199,SKG,0,HO,Công ty cổ phần Tàu cao tốc Superdong-Kiên Giang
1864,SKH,0,UP,Công ty Cổ phần Nước giải khát Sanest Khánh Hòa
1926,SKN,0,UP,Công ty Cổ phần Nước giải khát Sanna Khánh Hòa
1855,SKV,0,UP,Công ty Cổ phần Nước giải khát Yến sào Khánh Hòa 
1116,SLS,0,HA,Công ty cổ phần Mía đường Sơn La 
917,SMA,0,HO,Công ty Cổ phần Thiết bị Phụ Tùng Sài Gòn 
858,SMB,0,HO,Công ty Cổ phần Bia Sài Gòn - Miền Trung
146,SMC,0,HO,Công ty Cổ phần Đầu tư Thương mại SMC
1275,SMN,0,HA,Công ty Cổ phần Sách và Thiết bị Giáo dục Miền Nam 
816,SMT,0,HA,Công ty Cổ phần SAMETEL
650,SNC,0,UP,Công ty Cổ phần Xuất nhập khẩu Thuỷ sản Năm Căn
1829,SNZ,0,UP,Tổng Công ty cổ phần Phát triển khu công nghiệp
1525,SP2,0,UP,Công ty Cổ phần Thủy điện Sử Pán 2
1506,SPB,0,UP,Công ty Cổ phần Sợi Phú Bài
809,SPC,0,HA,Công ty Cổ phần Bảo vệ Thực vật Sài Gòn
717,SPD,0,UP,Công ty Cổ phần Xuất nhập khẩu Thuỷ sản Miền Trung
1214,SPH,0,UP,Công ty Cổ phần Xuất nhập khẩu Thủy sản Hà Nội
1106,SPI,0,HA,Công ty Cổ phần Spiral Galaxy
799,SPM,0,HO,Công ty Cổ phần S.P.M
359,SPP,0,UP,Công ty Cổ phần Bao bì Nhựa Sài Gòn
1673,SPV,0,UP,Công ty Cổ phần Thủy đặc sản
624,SQC,0,UP,Công ty Cổ phần Khoáng sản Sài Gòn – Quy Nhơn 
305,SRA,0,HA,Công ty Cổ phần Sara Việt Nam
325,SRB,0,UP,Công ty Cổ phần Tập đoàn Sara
563,SRC,0,HO,Công ty Cổ phần Cao su Sao Vàng 
569,SRF,0,HO,Công ty Cổ phần SEAREFICO
1528,SRT,0,UP,Công ty Cổ phần Vận tải Đường sắt Sài Gòn
417,SSB,0,HO,Ngân hàng Thương mại Cổ phần Đông Nam Á
148,SSC,0,HO,Công ty Cổ phần Giống cây trồng Miền Nam
705,SSF,0,UP,Công ty cổ phần Giáo dục G Sài Gòn
988,SSG,0,UP,Công ty Cổ phần Vận tải biển Hải Âu
2596,SSH,0,UP,Công ty Cổ phần Phát triển Sunshine Homes
149,SSI,0,HO,Công ty Cổ phần Chứng khoán SSI
421,SSM,0,HA,Công ty Cổ phần Chế tạo kết cấu thép VNECO.SSM
420,SSN,0,UP,Công ty Cổ phần Xuất nhập khẩu Thủy sản Sài Gòn
283,ST8,0,HO,Công ty Cổ phần Siêu Thanh
150,STB,0,HO,Ngân hàng Thương mại Cổ phần Sài Gòn Thương Tín
151,STC,0,HA,Công ty Cổ phần Sách và Thiết bị trường học TP. Hồ Chí Minh
701,STG,0,HO,Công ty Cổ phần Kho vận miền Nam
2194,STH,0,UP,Công ty cổ phần Phát hành sách Thái Nguyên
1386,STK,0,HO,Công ty Cổ phần Sợi Thế kỷ
358,STL,0,UP,Công ty Cổ phần Sông Đà – Thăng Long
152,STP,0,HA,Công ty Cổ phần Công nghiệp Thương mại Sông Đà
718,STS,0,UP,Công ty Cổ phần Dịch vụ Vận tải Sài Gòn
979,STT,0,UP,Công ty Cổ phần Vận chuyển Sài Gòn Tourist
1986,STW,0,UP,Công ty Cổ phần Cấp nước Sóc Trăng 
153,SVC,0,HO,Công ty Cổ phần Dịch vụ tổng hợp Sài Gòn
2276,SVD,0,HO,Công ty cổ phần Đầu tư & Thương mại Vũ Đăng
1382,SVG,0,UP,Công ty Cổ phần Hơi Kỹ nghệ Que hàn
1884,SVH,0,UP,Công ty cổ phần Thủy điện Sông Vàng 
454,SVI,0,HO,Công ty Cổ phần Bao bì Biên Hòa 
1060,SVN,0,HA,Công ty Cổ phần Tập đoàn Vexilla Việt Nam
1057,SVT,0,HO,Công ty Cổ phần Công nghệ Sài Gòn Viễn Đông
982,SWC,0,UP,Công ty Cổ phần Đường Sông Miền Nam
2128,SZB,0,HA,Công ty Cổ phần Sonadezi Long Bình
1157,SZC,0,HO,Công ty Cổ phần Sonadezi Châu Đức
1556,SZE,0,UP,Công ty Cổ phần Môi trường Sonadezi
2672,SZG,0,UP,Công ty Cổ phần Sonadezi Giang Điền
354,SZL,0,HO,Công ty Cổ phần Sonadezi Long Thành
1909,TA3,0,UP,Công ty cổ phần Đầu tư và Xây lắp Thành An 386 
1839,TA6,0,UP,Công ty Cổ phần Đầu tư và Xây lắp Thành An 665 
1230,TA9,0,HA,Công ty Cổ phần Xây lắp Thành An 96
659,TAG,0,UP,Công ty Cổ phần Thế giới số Trần Anh
2075,TAN,0,UP,Công ty cổ phần Cà phê Thuận An
2042,TAR,0,HA,Công ty Cổ phần Nông nghiệp Công nghệ cao Trung An 
1467,TAW,0,UP,Công ty Cổ phần Cấp nước Trung An
1644,TB8,0,UP,Công ty Cổ phần Sản xuất và Kinh doanh Vật tư Thiết bị - VVMI
155,TBC,0,HO,Công ty Cổ phần Thuỷ điện Thác Bà
1266,TBD,0,UP,Tổng Công ty Thiết bị Điện Đông Anh - CTCP
2556,TBH,0,UP,Công ty Cổ phần Tổng Bách Hóa
2026,TBR,0,UP,Công ty Cổ phần Địa ốc Tân Bình 
610,TBT,0,UP,Công ty Cổ phần Xây dựng Công trình Giao thông Bến Tre
423,TBX,0,HA,Công ty Cổ phần Xi măng Thái Bình
340,TC6,0,HA,Công ty Cổ phần Than Cọc Sáu - Vinacomin
424,TCB,0,HO,Ngân hàng Thương mại Cổ phần Kỹ thương Việt Nam
1739,TCD,0,HO,Công ty Cổ phần Đầu tư Phát triển Công nghiệp và Vận tải 
1511,TCH,0,HO,Công ty Cổ phần Đầu tư Dịch vụ Tài chính Hoàng Huy
743,TCI,0,UP,Công ty Cổ phần Chứng khoán Thành Công
1165,TCJ,0,UP,Công ty Cổ phần Tô Châu
1804,TCK,0,UP,Tổng công ty cơ khí xây dựng - CTCP 
628,TCL,0,HO,Công ty Cổ phần Đại lý Giao nhận Vận tải Xếp dỡ Tân Cảng
236,TCM,0,HO,Công ty Cổ phần Dệt May - Đầu tư - Thương Mại Thành Công
546,TCO,0,HO,Công ty Cổ phần Vận tải đa phương thức Duyên Hải
156,TCR,0,HO,Công ty Cổ phần Công nghiệp Gốm sứ Taicera
157,TCT,0,HO,Công ty Cổ phần Cáp treo Núi Bà Tây Ninh
1711,TCW,0,UP,Công ty Cổ phần Kho vận Tân Cảng
1778,TDB,0,UP,Công ty Cổ phần Thủy điện Định Bình
777,TDC,0,HO,Công ty Cổ phần Kinh doanh và Phát triển Bình Dương
2247,TDF,0,UP,Công ty cổ phần Trung Đô
1703,TDG,0,HO,Công ty Cổ phần Đầu tư TDG Global
158,TDH,0,HO,Công ty Cổ phần Phát triển Nhà Thủ Đức
1462,TDM,0,HO,Công ty Cổ phần Nước Thủ Dầu Một
426,TDN,0,HA,Công ty Cổ phần Than Đèo Nai - Vinacomin
2008,TDP,0,HO,Công ty Cổ phần Thuận Đức 
567,TDS,0,UP,Công ty Cổ phần Thép Thủ Đức- VNSTEEL
1946,TDT,0,HA,Công ty Cổ phần Đầu tư và Phát triển TDT 
916,TDW,0,HO,Công ty Cổ phần Cấp nước Thủ Đức
2768,TED,0,UP,Tổng Công ty tư vấn thiết kế giao thông vận tải - CTCP
1417,TEG,0,HO,Công ty cổ phần Năng lượng và Bất động sản Trường Thành
1688,TEL,0,UP,Công ty Cổ phần Phát triển Công trình Viễn thông
771,TET,0,HA,Công ty Cổ phần Vải sợi may mặc Miền Bắc
1409,TFC,0,HA,Công ty Cổ phần Trang
1957,TGG,0,HO,Công ty Cổ phần Louis Capital
493,TGP,0,UP,Công ty Cổ phần Trường Phú
591,TH1,0,UP,Công ty Cổ phần Xuất nhập khẩu Tổng hợp I Việt Nam
367,THB,0,HA,Công ty Cổ phần Bia Hà Nội - Thanh Hoá
2197,THD,0,HA,Công ty Cổ phần Thaiholdings
1036,THG,0,HO,Công ty Cổ phần Đầu tư và Xây dựng Tiền Giang
1697,THI,0,HO,Công ty Cổ phần Thiết bị Điện
1694,THN,0,UP,Công ty Cổ phần Cấp nước Thanh Hóa
2124,THP,0,UP,Công ty Cổ phần Thủy sản và Thương mại Thuận Phước
639,THS,0,HA,Công ty Cổ phần Thanh Hoa Sông Đà
372,THT,0,HA,Công ty Cổ phần Than Hà Tu - Vinacomin
1744,THU,0,UP,Công ty Cổ phần Môi trường và Công trình đô thị Thanh Hóa
1434,THW,0,UP,Công ty Cổ phần Cấp nước Tân Hòa
1548,TID,0,UP,Công ty Cổ phần Tổng Công ty Tín Nghĩa
539,TIE,0,UP,Công ty Cổ phần TIE
930,TIG,0,HA,Công ty Cổ phần Tập đoàn Đầu tư Thăng Long 
2638,TIN,0,UP,Công ty Tài chính Cổ phần Tín Việt
1005,TIP,0,HO,Công ty Cổ phần Phát triển Khu công nghiệp Tín Nghĩa
993,TIS,0,UP,Công ty Cổ phần Gang thép Thái Nguyên
599,TIX,0,HO,Công ty Cổ phần Sản xuất Kinh doanh Xuất nhập khẩu Dịch vụ và Đầu tư Tân Bình 
282,TJC,0,HA,Công ty Cổ phần Dịch vụ Vận tải và Thương mại
2070,TKA,0,UP,Công ty Cổ phần Bao bì Tân Khánh An
608,TKC,0,HA,Công ty Cổ phần Xây dựng và Kinh doanh Địa ốc Tân Kỷ
159,TKU,0,HA,Công ty Cổ phần Công Nghiệp Tung Kuang
1285,TL4,0,UP,Tổng công ty Xây dựng Thủy lợi 4 - Công ty Cổ phần
1852,TLD,0,HO,Công ty Cổ phần Đầu tư xây dựng và Phát triển đô thị Thăng Long
693,TLG,0,HO,Công ty Cổ phần Tập đoàn Thiên Long
716,TLH,0,HO,Công ty Cổ phần Tập đoàn thép Tiến Lên
2001,TLI,0,UP,Công ty Cổ phần May Quốc Tế Thắng Lợi 
1893,TLP,0,UP,Tổng công ty Thương mại Xuất nhập khẩu Thanh Lễ - Công ty Cổ phần
161,TLT,0,UP,Công ty Cổ phần Viglacera Thăng Long 
1583,TMB,0,HA,Công ty Cổ phần Kinh doanh Than Miền Bắc - Vinacomin
162,TMC,0,HA,Công ty Cổ phần Thương mại Xuất nhập khẩu Thủ Đức
1543,TMG,0,UP,Công ty Cổ phần Kim loại màu Thái Nguyên - Vimico
489,TMP,0,HO,Công ty Cổ phần Thủy điện Thác Mơ 
163,TMS,0,HO,Công ty Cổ phần Transimex
672,TMT,0,HO,Công ty Cổ phần Ô tô TMT
604,TMW,0,UP,Công ty Cổ phần Tổng hợp Gỗ Tân Mai
575,TMX,0,HA,Công ty Cổ phần VICEM Thương mại Xi măng 
2031,TN1,0,HO,Công ty Cổ phần Thương mại Dịch vụ TNS Holdings 
2970,TN1122016,0,HA,Trái phiếu Công ty Cổ phần Thương mại Dịch vụ TNS Holdings 2021
164,TNA,0,HO,Công ty Cổ phần Thương mại Xuất nhập khẩu Thiên Nam
719,TNB,0,UP,Công ty Cổ phần Thép Nhà Bè - VNSTEEL
221,TNC,0,HO,Công ty Cổ phần Cao su Thống Nhất
257,TNG,0,HA,Công ty Cổ phần Đầu tư và Thương mại TNG
2971,TNG119007,0,HA,Trái phiếu CTCP Đầu tư và Thương mại TNG năm 2019
2994,TNG122017,0,HA,Trái phiếu Công ty cổ phần Đầu tư và Thương mại TNG năm 2021
1860,TNH,0,HO,Công ty Cổ Phần Bệnh viện Quốc tế Thái Nguyên
1471,TNI,0,HO,Công ty Cổ phần Tập đoàn Thành Nam 
549,TNM,0,UP,Công ty Cổ phần Xuất nhập khẩu và Xây dựng Công trình 
1622,TNP,0,UP,Công ty Cổ phần Cảng Thị Nại
1628,TNS,0,UP,Công ty Cổ phần Thép tấm lá Thống Nhất
810,TNT,0,HO,Công ty Cổ phần Tập đoàn TNT
1758,TNW,0,UP,CTCP Nước sạch Thái Nguyên
1356,TOP,0,UP,Công ty Cổ phần Phân phối Top One
2578,TOS,0,UP,Công ty Cổ phần Dịch vụ biển Tân Cảng
1790,TOT,0,HA,Công ty Cổ phần Transimex Logistics
1921,TOW,0,UP,Công ty Cổ phần Cấp nước Trà Nóc – Ô Môn
427,TPB,0,HO,Ngân hàng Thương mại Cổ phần Tiên Phong
262,TPC,0,HO,Công ty Cổ phần Nhựa Tân Đại Hưng
165,TPH,0,HA,Công ty Cổ phần In Sách giáo khoa tại Tp.Hà Nội
360,TPP,0,HA,Công ty Cổ phần Tân Phú Việt Nam
1408,TPS,0,UP,Công ty Cổ phần Bến bãi Vận tải Sài Gòn
1320,TQN,0,UP,Công ty Cổ phần Thông Quảng Ninh 
2034,TQW,0,UP,Công ty Cổ phần Cấp thoát nước Tuyên Quang 
2178,TR1,0,UP,Công ty Cổ phần Vận tải 1 Traco
428,TRA,0,HO,Công ty Cổ phần Traphaco
228,TRC,0,HO,Công ty Cổ phần Cao su Tây Ninh
1381,TRS,0,UP,Công ty Cổ phần Vận tải và Dịch vụ Hàng hải
1702,TRT,0,UP,Công ty Cổ phần RedstarCera
1917,TS3,0,UP,Công ty Cổ phần Trường Sơn 532 
167,TS4,0,UP,Công ty Cổ phần Thủy sản số 4
999,TSB,0,HA,Công ty Cổ phần Ắc quy Tia Sáng
240,TSC,0,HO,Công ty Cổ phần Vật tư Kỹ thuật Nông nghiệp Cần Thơ
1700,TSD,0,UP,Công ty Cổ phần Du lịch Trường Sơn COECCO
1691,TSG,0,UP,Công ty Cổ phần Thông tin Tín hiệu Đường sắt Sài Gòn
1721,TSJ,0,UP,Công ty cổ phần Du lịch Dịch vụ Hà Nội
278,TST,0,UP,Công ty Cổ phần Dịch vụ Kỹ thuật Viễn thông
2365,TTA,0,HO,Công ty Cổ phần Đầu tư Xây dựng và Phát triển Trường Thành
1290,TTB,0,HO,Công ty Cổ phần Tập đoàn Tiến Bộ
168,TTC,0,HA,Công ty Cổ phần Gạch men Thanh Thanh
1678,TTD,0,UP,Công ty Cổ phần Bệnh viện Tim Tâm Đức
2027,TTE,0,HO,Công ty Cổ phần Đầu tư Năng lượng Trường Thịnh 
318,TTF,0,HO,Công ty Cổ phần Tập đoàn Kỹ nghệ Gỗ Trường Thành
666,TTG,0,UP,Công ty Cổ phần May Thanh Trì
1550,TTH,0,HA,Công ty Cổ phần Thương mại và Dịch vụ Tiến Thành
1663,TTL,0,HA,Tổng Công ty Thăng Long - CTCP
1629,TTN,0,UP,Công ty Cổ phần Công nghệ và Truyền thông Việt Nam
169,TTP,0,UP,Công ty Cổ phần Bao bì Nhựa Tân Tiến
1406,TTS,0,UP,Công ty Cổ phần Cán thép Thái Trung
1200,TTT,0,HA,Công ty cổ phần Du lịch – Thương mại Tây Ninh
1124,TTZ,0,HA,Công ty Cổ phần Đầu tư Xây dựng và Công nghệ Tiến Trung
1680,TUG,0,UP,Công ty Cổ phần Lai dắt và Vận tải Cảng Hải Phòng
909,TV1,0,UP,Công ty Cổ phần Tư vấn Xây dựng Điện 1
565,TV2,0,HO,Công ty Cổ phần Tư vấn Xây dựng Điện 2
594,TV3,0,HA,Công ty Cổ phần Tư vấn Xây dựng Điện 3
345,TV4,0,HA,Công ty Cổ phần Tư vấn Xây dựng điện 4
2343,TV6,0,UP,Công ty Cổ phần Thương mại Đầu tư Xây lắp điện Thịnh Vượng
1669,TVA,0,UP,Công ty Cổ phần Sứ Viglacera Thanh Trì
1354,TVB,0,HO,Công ty Cổ phần Chứng khoán Trí Việt
1259,TVC,0,HA,Công ty Cổ phần Tập đoàn Quản lý Tài sản Trí Việt
987,TVD,0,HA,Công ty Cổ phần Than Vàng Danh - Vinacomin
667,TVG,0,UP,Công ty Cổ phần Tư vấn Đầu tư và Xây dựng Giao thông vận tải
1994,TVH,0,UP,Công ty Cổ phần Tư vấn Xây dựng Công trình Hàng hải 
1140,TVM,0,UP,Công ty Cổ phần Tư vấn Đầu tư Mỏ và Công nghiệp Vinacomin 
1162,TVN,0,UP,Tổng Công ty Thép Việt Nam - CTCP
736,TVP,0,UP,Công ty Cổ phần Dược phẩm TV.Pharm
430,TVS,0,HO,Công ty Cổ phần Chứng khoán Thiên Việt
1184,TVT,0,HO,Tổng Công ty Việt Thắng - CTCP
1779,TVW,0,UP,Công ty Cổ phần Cấp thoát nước Trà Vinh
1555,TW3,0,UP,Công ty Cổ phần Dược Trung ương 3
170,TXM,0,HA,Công ty Cổ phần VICEM Thạch cao Xi măng
171,TYA,0,HO,Công ty Cổ phần Dây và Cáp điện Taya Việt Nam
1547,UCT,0,UP,Công ty Cổ phần Đô thị Cần Thơ 
844,UDC,0,HO,Công ty Cổ phần Xây dựng và Phát triển Đô thị Tỉnh Bà Rịa – Vũng Tàu
621,UDJ,0,UP,Công ty Cổ phần Phát triển Đô thị
2069,UDL,0,UP,Công ty Cổ phần Đô thị và Môi trường Đắk Lắk
1123,UEM,0,UP,Công ty Cổ phần Cơ điện Uông Bí - Vinacomin
247,UIC,0,HO,Công ty Cổ phần Đầu tư phát triển nhà và Đô thị IDICO
1808,UMC,0,UP,Công ty cổ phần Công trình đô thị Nam Định 
172,UNI,0,HA,Công ty Cổ phần Đầu tư và Phát triển Sao Mai Việt
947,UPC,0,UP,Công ty Cổ phần Phát triển Công viên cây xanh và Đô thị Vũng Tàu
1445,UPH,0,UP,Công ty Cổ phần Dược phẩm TW25
1674,USC,0,UP,Công ty Cổ phần Khảo sát và Xây dựng - USCO
2015,USD,0,UP,Công ty Cổ phần Công trình Đô thị Sóc Trăng
451,V11,0,UP,Công ty Cổ phần Xây dựng số 11
592,V12,0,HA,Công ty Cổ phần Xây dựng số 12
623,V15,0,UP,Công ty Cổ phần Xây dựng số 15
770,V21,0,HA,Công ty Cổ phần Vinaconex 21 
431,VAB,0,UP,Ngân hàng Thương mại Cổ phần Việt Á
1324,VAF,0,HO,Công ty Cổ phần Phân Lân Nung Chảy Văn Điển
958,VAT,0,UP,Công ty Cổ phần VT Vạn Xuân
1677,VAV,0,UP,Công ty Cổ phần VIWACO
2972,VBA121033,0,HA,Trái phiếu phát hành ra công chúng năm 2021 của Agribank
435,VBB,0,UP,Ngân hàng Thương mại Cổ phần Việt Nam Thương Tín
698,VBC,0,HA,Công ty Cổ phần Nhựa – Bao bì Vinh
1638,VBG,0,UP,Công ty Cổ phần Địa chất Việt Bắc - TKV
173,VBH,0,UP,Công ty Cổ phần Điện tử Bình Hòa
482,VC1,0,HA,Công ty Cổ phần Xây dựng số 1
174,VC2,0,HA,Công ty cổ phần Đầu tư và Xây dựng Vina2
271,VC3,0,HA,Công ty Cổ phần Tập đoàn Nam Mê Kông 
308,VC5,0,UP,Công ty Cổ phần Xây dựng số 5
315,VC6,0,HA,Công ty Cổ phần Xây dựng và Đầu tư Visicons
295,VC7,0,HA,Công ty Cổ phần Tập đoàn BGI
545,VC9,0,HA,Công ty Cổ phần Xây dựng số 9 - VC9
965,VCA,0,HO,Công ty Cổ phần Thép VICASA-VNSTEEL
215,VCB,0,HO,Ngân hàng Thương mại Cổ phần Ngoại thương Việt Nam
463,VCC,0,HA,Công ty Cổ phần Vinaconex 25
1516,VCE,0,UP,Công ty Cổ phần Xây lắp Môi trường
1009,VCF,0,HO,Công ty Cổ phần Vinacafe Biên Hòa
352,VCG,0,HO,Tổng Công ty Cổ phần Xuất nhập khẩu và Xây dựng Việt Nam
1794,VCI,0,HO,Công ty Cổ phần Chứng khoán Bản Việt
798,VCM,0,HA,Công ty Cổ phần Nhân lực và Thương mại Vinaconex
880,VCP,0,UP,Công ty Cổ phần Đầu tư Xây dựng và Năng lượng VCP
796,VCR,0,UP,Công ty Cổ phần Đầu tư và Phát triển Du lịch Vinaconex
280,VCS,0,HA,Công ty Cổ phần VICOSTONE 
848,VCT,0,UP,Công ty Cổ phần Tư vấn Xây dựng Vinaconex
1191,VCW,0,UP,Công ty Cổ phần Nước sạch Vinaconex
1189,VCX,0,UP,Công ty cổ phần Xi măng Yên Bình
2012,VDB,0,UP,Công ty Cổ phần Vận tải và Chế biến Than Đông Bắc 
244,VDL,0,HA,Công ty Cổ phần Thực phẩm Lâm Đồng
681,VDN,0,UP,Công ty Cổ phần Vinatex Đà Nẵng
1193,VDP,0,HO,CTCP Dược phẩm Trung ương VIDIPHA 
433,VDS,0,HO,Công ty Cổ phần Chứng khoán Rồng Việt
959,VDT,0,UP,Công ty Cổ phần Lưới Thép Bình Tây
351,VE1,0,HA,Công ty Cổ phần Xây dựng điện VNECO1
853,VE2,0,HA,Công ty Cổ phần Xây dựng Điện VNECO2
825,VE3,0,HA,Công ty Cổ phần Xây dựng điện VNECO 3
1115,VE4,0,HA,Công ty Cổ phần Xây dựng điện Vneco4
1109,VE8,0,HA,Công ty Cổ phần Xây dựng Điện VNECO 8
310,VE9,0,UP,Công ty Cổ phần Đầu tư và xây dựng VNECO 9
1878,VEA,0,UP,Tổng công ty Máy động lực và Máy nông nghiệp Việt Nam - CTCP 
1785,VEC,0,UP,Tổng Công ty cổ phần Điện tử và Tin học Việt Nam 
1420,VEF,0,UP,Công ty Cổ phần Trung tâm Hội chợ Triển lãm Việt Nam
761,VES,0,UP,Công ty cổ phần Đầu tư và Xây dựng điện Mêca Vneco
1757,VET,0,UP,Công ty Cổ phần Thuốc Thú y Trung ương NAVETCO 
176,VFC,0,UP,Công ty Cổ phần Vinafco
627,VFG,0,HO,Công ty Cổ phần Khử trùng Việt Nam
177,VFR,0,UP,Công ty Cổ phần Vận tải và Thuê tàu
2293,VFS,0,UP,Công ty cổ phần Chứng khoán Nhất Việt
1395,VGC,0,HO,Tổng Công ty Viglacera - CTCP
1428,VGG,0,UP,Tổng Công ty Cổ phần May Việt Tiến
2014,VGI,0,UP,Tổng Công ty Cổ phần Đầu tư Quốc tế Viettel
1484,VGL,0,UP,Công ty Cổ phần Mạ kẽm Công nghiệp Vingal - Vnsteel
178,VGP,0,HA,Công ty Cổ phần Cảng Rau Quả
1890,VGR,0,UP,Công ty cổ phần Cảng xanh VIP
440,VGS,0,HA,Công ty Cổ phần Ống thép Việt Đức VG PIPE
1298,VGT,0,UP,Tập đoàn Dệt May Việt Nam
1768,VGV,0,UP,Tổng công ty tư vấn xây dựng Việt Nam – CTCP
290,VHC,0,HO,Công ty Cổ phần Vĩnh Hoàn
1770,VHD,0,UP,Công ty Cổ phần Đầu tư Phát triển Nhà và Đô thị VINAHUD
2024,VHE,0,HA,Công ty Cổ phần Dược liệu và Thực phẩm Việt Nam 
671,VHF,0,UP,Công ty Cổ phần Xây dựng và Chế biến lương thực Vĩnh Hà
309,VHG,0,UP,Công ty Cổ phần Đầu tư và Phát triển Việt Trung Nam
835,VHH,0,UP,Công ty Cổ phần Đầu tư Kinh doanh nhà Thành Đạt 
452,VHL,0,HA,Công ty Cổ phần Viglacera Hạ Long 
1955,VHM,0,HO,Công ty cổ phần Vinhomes 
2973,VHM121024,0,HA,Trái phiếu VHMB2124002 của Công ty Cổ phần Vinhomes
2974,VHM121025,0,HA,Trái phiếu VHMB2126003 của Công ty Cổ phần Vinhomes
434,VIB,0,HO,Ngân hàng Thương mại Cổ phần Quốc tế Việt Nam
229,VIC,0,HO,Tập đoàn Vingroup - Công ty Cổ phần
2982,VIC121003,0,HA,Trái phiếu VICB2023001 của Tập đoàn Vingroup - Công ty Cổ phần
2983,VIC121004,0,HA,Trái phiếu VICB2124001 của Tập đoàn Vingroup - Công ty Cổ phần
2984,VIC121005,0,HA,Trái phiếu VICB2124002 của Tập đoàn Vingroup - Công ty Cổ phần
179,VID,0,HO,Công ty Cổ phần Đầu tư phát triển thương mại Viễn Đông
1030,VIE,0,UP,Công ty Cổ phần Công nghệ Viễn thông Viteco
1659,VIF,0,HA,Tổng Công ty Lâm nghiệp Việt Nam - CTCP
611,VIG,0,HA,Công ty Cổ phần Chứng khoán Thương mại và Công nghiệp Việt Nam
1655,VIH,0,UP,Công ty Cổ phần Viglacera Hà Nội
1046,VIM,0,UP,Công ty Cổ phần Khoáng sản Viglacera
1202,VIN,0,UP,Công ty Cổ phần Giao nhận Kho vận Ngoại thương Việt Nam
180,VIP,0,HO,Công ty Cổ phần Vận tải Xăng dầu VIPCO
781,VIR,0,UP,Công ty Cổ phần Du lịch Quốc tế Vũng Tàu
583,VIT,0,HA,CÔNG TY CỔ PHẦN VIGLACERA TIÊN SƠN 
1853,VIW,0,UP,Tổng công ty Đầu tư Nước và Môi trường Việt Nam - CTCP
644,VIX,0,HO,Công ty Cổ phần Chứng khoán VIX
1689,VJC,0,HO,Công ty Cổ phần Hàng không Vietjet
963,VKC,0,HA,Công ty Cổ phần VKC Holdings
669,VKD,0,UP,Công ty Cổ phần Nước khoáng Khánh Hòa - FIT Beverage
337,VKP,0,UP,Công ty Cổ phần Nhựa Tân Hóa
869,VLA,0,HA,Công ty Cổ phần Đầu tư và Phát triển Công nghệ Văn Lang
1499,VLB,0,UP,Công ty Cổ phần Xây dựng và Sản xuất Vật liệu Xây dựng Biên Hòa
1316,VLC,0,UP,Tổng Công ty Chăn nuôi Việt Nam - CTCP
975,VLF,0,UP,Công ty Cổ phần Lương thực Thực phẩm Vĩnh Long
1371,VLG,0,UP,Công ty Cổ phần Vimc Logistics
1704,VLP,0,UP,Công ty Cổ phần Công trình Công cộng Vĩnh Long
1562,VLW,0,UP,Công ty Cổ phần Cấp nước Vĩnh Long
1138,VMA,0,UP,CÔNG TY CỔ PHẦN CÔNG NGHIỆP Ô TÔ - VINACOMIN
182,VMC,0,HA,Công ty cổ phần Vimeco
897,VMD,0,HO,Công ty Cổ phần Y Dược phẩm VIMEDIMEX
551,VMG,0,UP,Công ty Cổ phần Thương mại và Dịch vụ Dầu khí Vũng Tàu 
1257,VMI,0,UP,Công ty Cổ phần Khoáng sản và Đầu tư VISACO
1145,VMS,0,HA,CTCP Phát triển Hàng hải 
353,VNA,0,UP,Công ty Cổ phần Vận tải biển Vinaship
1508,VNB,0,UP,Công ty Cổ phần Sách Việt Nam
183,VNC,0,HA,Công ty Cổ phần Tập đoàn Vinacontrol
731,VND,0,HO,Công ty Cổ phần Chứng khoán VNDIRECT
2987,VND122012,0,HA,Trái phiếu Công ty Cổ phần Chứng khoán VNDIRECT
2988,VND122013,0,HA,Trái phiếu Công ty Cổ phần Chứng khoán VNDIRECT
2989,VND122014,0,HA,Trái phiếu Công ty cổ phần Chứng khoán VNDIRECT
222,VNE,0,HO,Tổng Công ty Cổ phần Xây dựng Điện Việt Nam
504,VNF,0,HA,CÔNG TY CỔ PHẦN VINAFREIGHT
554,VNG,0,HO,Công ty Cổ phần Du lịch Thành Thành Công
2986,VNG122002,0,HA,Trái phiếu VNGB2124001 của Công ty Cổ phần Du lịch Thành Thành Công 
739,VNH,0,UP,Công ty Cổ phần Đầu tư Việt Việt Nhật
544,VNI,0,UP,Công ty Cổ phần Đầu tư Bất động sản Việt Nam
529,VNL,0,HO,Công ty Cổ phần Logistics Vinalink
184,VNM,0,HO,Công ty Cổ phần Sữa Việt Nam
1196,VNP,0,UP,Công ty Cổ phần Nhựa Việt Nam
185,VNR,0,HA,Tổng Công ty Cổ phần Tái bảo hiểm quốc gia Việt Nam
348,VNS,0,HO,Công ty Cổ phần Ánh Dương Việt Nam
365,VNT,0,HA,Công ty Cổ phần Giao nhận Vận tải Ngoại thương
2991,VNT421032,0,HA,Trái phiếu chuyển đổi Công ty cổ phần Giao nhận Vận tải Ngoại thương
602,VNX,0,UP,Công ty Cổ phần Quảng cáo và Hội chợ Thương mại
1139,VNY,0,UP,Công ty Cổ phần Thuốc Thú y Trung Ương I 
1490,VOC,0,UP,Tổng Công ty Công nghiệp Dầu thực vật Việt Nam - CTCP
894,VOS,0,HO,Công ty Cổ phần Vận tải Biển Việt Nam
1436,VPA,0,UP,Công ty Cổ phần Vận tải hóa dầu VP
436,VPB,0,HO,Ngân hàng thương mại Cổ phần Việt Nam Thịnh Vượng
561,VPC,0,UP,Công ty Cổ phần Đầu tư và Phát triển Năng lượng Việt Nam
1243,VPD,0,HO,Công ty Cổ phần Phát triển Điện lực Việt Nam 
1820,VPG,0,HO,Công ty Cổ phần Đầu tư Thương mại Xuất nhập khẩu Việt Phát 
541,VPH,0,HO,Công ty Cổ phần Vạn Phát Hưng
1877,VPI,0,HO,Công ty Cổ phần Đầu tư Văn Phú - Invest 
1531,VPR,0,UP,Công ty Cổ phần VINAPRINT
1378,VPS,0,HO,Công ty Cổ phần Thuốc sát trùng Việt Nam
1812,VPW,0,UP,CTCP cấp thoát nước số I Vĩnh Phúc
652,VQC,0,UP,Công ty Cổ phần Giám định Vinacomin 
867,VRC,0,HO, Công ty Cổ phần Bất động sản và Đầu tư VRC 
1867,VRE,0,HO,Công ty Cổ phần Vincom Retail
2985,VRE12007,0,HA,Trái phiếu BONDVCR042025 của Công ty Cổ phần Vincom Retail
1213,VRG,0,UP,Công ty cổ phần Phát triển Đô thị và Khu công nghiệp Cao su Việt Nam
1432,VSA,0,HA,Công ty Cổ phần Đại lý Hàng hải Việt Nam
294,VSC,0,HO,CÔNG TY CỔ PHẦN CONTAINER VIỆT NAM
1989,VSE,0,UP,Công ty Cổ phần Dịch vụ Đường cao tốc Việt Nam 
1950,VSF,0,UP,Tổng Công ty Lương thực Miền Nam - Công ty Cổ phần
356,VSG,0,UP,Công ty Cổ phần Container Phía Nam
187,VSH,0,HO,Công ty Cổ phần Thuỷ điện Vĩnh Sơn Sông Hinh
970,VSI,0,HO,Công ty Cổ phần Đầu tư và Xây dựng Cấp thoát nước
1510,VSM,0,HA,Công ty Cổ phần Container Miền Trung
1560,VSN,0,UP,Công ty Cổ phần Việt Nam Kỹ nghệ Súc sản
188,VSP,0,UP,Công ty Cổ phần Vận tải biển và Bất động sản Việt Hải
475,VST,0,UP,Công ty Cổ phần Vận tải và Thuê tàu biển Việt Nam
189,VTA,0,UP,Công ty Cổ phần VITALY
190,VTB,0,HO,Công ty Cổ phần VIETTRONICS Tân Bình
191,VTC,0,HA,Công ty Cổ phần Viễn thông VTC
2123,VTD,0,UP,Công ty Cổ phần Du lịch Vietourist
1045,VTE,0,UP,Công ty Cổ phần Vinacap Kim Long
1158,VTG,0,UP,Công ty Cổ phần Du lịch Tỉnh Bà Rịa – Vũng Tàu
1264,VTH,0,HA,Công ty Cổ phần Dây cáp điện Việt Thái
910,VTI,0,UP,Công ty Cổ phần Sản xuất - Xuất nhập khẩu Dệt may
1284,VTJ,0,HA,Công ty Cổ phần Thương mại và Đầu tư Vi na ta ba
1262,VTK,0,UP,Công ty cổ phần Tư vấn và Dịch vụ Viettel
192,VTL,0,HA,Công ty Cổ phần Vang Thăng Long
1212,VTM,0,UP,Công ty Cổ phần Vận tải và đưa đón thợ mỏ - Vinacomin
239,VTO,0,HO,Công ty Cổ phần Vận tải Xăng dầu Vitaco
1347,VTP,0,UP,Tổng Công ty Cổ phần Bưu chính Viettel 
2506,VTQ,0,UP,Công ty Cổ phần Việt Trung Quảng Bình
1368,VTR,0,UP,Công ty cổ phần Du lịch và Tiếp thị Giao thông Vận tải Việt Nam - Vietravel
193,VTS,0,UP,Công ty Cổ phần Viglacera Từ Sơn
194,VTV,0,HA,Công ty cổ phần Năng lượng và Môi trường Vicem
1215,VTX,0,UP,Công ty Cổ phần Vận tải Đa phương thức Vietranstimex
2668,VTZ,0,HA,Công ty Cổ phần Sản xuất và Thương mại Nhựa Việt Thành
2755,VUA,0,UP,Công ty Cổ phần chứng khoán Stanley Brothers
1567,VVN,0,UP,Tổng công ty Cổ phần Xây dựng Công nghiệp Việt Nam
2237,VW3,0,UP,Công ty cổ phần Viwaseen3
1488,VWS,0,UP,Công ty Cổ phần Nước và Môi trường Việt Nam
779,VXB,0,UP,Công ty Cổ phần Vật liệu Xây dựng Bến Tre
1858,VXP,0,UP,Công ty cổ phần Thuốc Thú y Trung ương VETVACO 
2231,VXT,0,UP,Công ty cổ phần Kho vận và Dịch vụ Thương mại
863,WCS,0,HA,Công ty Cổ phần Bến xe Miền Tây
864,WSB,0,UP,Công ty Cổ phần Bia Sài Gòn - Miền Tây
617,WSS,0,HA,Công ty Cổ phần Chứng khoán Phố Wall
804,WTC,0,UP,Công ty Cổ phần Vận tải thuỷ - VINACOMIN
1850,X20,0,HA,Công ty Cổ phần X20 
1963,X26,0,UP,Công ty cổ phần 26 
1687,X77,0,UP,Công ty Cổ phần Thành An 77
1996,XDH,0,UP,Công ty Cổ phần Đầu tư Xây dựng Dân dụng Hà Nội 
1534,XHC,0,UP,Công ty Cổ phần Xuân Hòa Việt Nam
1918,XLV,0,UP,Công ty cổ phần Xây lắp và Dịch vụ Sông Đà
287,XMC,0,UP,Công ty Cổ phần Đầu tư và Xây dựng Xuân Mai
1211,XMD,0,UP,Công ty Cổ phần Xuân Mai - Đạo Tú
2504,XMP,0,UP,Công ty Cổ phần Thủy điện Xuân Minh
1267,XPH,0,UP,Công ty Cổ phần Xà phòng Hà Nội
333,YBC,0,UP,Công ty Cổ phần Xi măng và Khoáng sản Yên Bái
1983,YBM,0,HO,Công ty Cổ phần Khoáng sản Công nghiệp Yên Bái 
1965,YEG,0,HO,Công ty Cổ phần Tập đoàn Yeah1
1456,YTC,0,UP,Công ty Cổ phần Xuất nhập khẩu Y tế Thành phố Hồ Chí Minh
